K_ENTIDAD_MUNICIPIO,POBLACION
01001,877190
01002,46464
01003,56048
01004,15577
01010,20245
01005,120405
01006,46473
01007,53866
01011,46454
01008,8896
01009,20926
02001,486639
02002,988417
02005,96734
02003,102406
02004,1641570
03001,72564
03003,272711
03009,18912
03008,287671
03002,60171
04010,28424
04001,56537
04002,283025
04011,43879
04003,248303
04004,90244
04009,58553
04005,31230
04006,40100
04007,8971
04008,10665
05001,1015
05002,147809
05003,22654
05004,23271
05005,1720
05006,28068
05007,13546
05008,3077
05009,58360
05010,80991
05011,12471
05012,1697
05013,1565
05014,10243
05015,1574
05016,1773
05017,108950
05018,231107
05019,8599
05020,69102
05021,6614
05022,30698
05023,11671
05024,44799
05025,163595
05026,3304
05027,92828
05028,63522
05029,2360
05030,807537
05031,23587
05032,43232
05033,106142
05034,6988
05035,679288
05036,21549
05037,6352
05038,13257
06001,29599
06002,150673
06003,21544
06004,20198
06005,30198
06006,5527
06007,184541
06008,8985
06009,123191
06010,136779
07001,18082
07002,31424
07003,28380
07113,6712
07004,32872
07005,19348
07006,30732
07007,9913
07008,28162
07009,40114
07010,7494
07011,20142
07114,20193
07012,51722
07013,34997
07015,45594
07016,17065
07022,16803
07023,87332
07024,12181
07025,7644
07026,39648
07027,100751
07028,5899
07029,5000
07030,34744
07031,127914
07017,84455
07018,9210
07019,153448
07021,21800
07014,22606
07070,14121
07032,31822
07033,7430
07034,73436
07035,14416
07037,35017
07039,23172
07038,23625
07040,54332
07042,11342
07043,10772
07044,27198
07045,5384
07046,39109
07047,20606
07048,21222
07020,46405
07036,7057
07041,44891
07050,4915
07099,76917
07049,23889
07052,122821
07075,28261
07051,47932
07115,12945
07116,11444
07053,7769
07054,29239
07055,5743
07056,11906
07117,7682
07057,72967
07058,4262
07059,218893
07060,12508
07061,92103
07062,18128
07063,3682
07064,48126
07065,119826
07066,22011
07067,12136
07068,31107
07069,53525
07072,31942
07073,9578
07074,45104
07076,26921
07077,63446
07118,5163
07078,209591
07079,39204
07112,34829
07110,7202
07119,3684
07080,35192
07081,44295
07082,13844
07083,18539
07084,8082
07085,10707
07086,24049
07087,38797
07088,2283
07089,348156
07090,3839
07091,12887
07092,41305
07093,43593
07094,43175
07096,77554
07097,89178
07098,7284
07100,34305
07102,41823
07101,598710
07103,31755
07104,15316
07105,15350
07106,65009
07071,28961
07107,79003
07108,104833
07109,37833
07111,41112
08001,12568
08002,24761
08003,8751
08004,15516
08005,24966
08006,6156
08007,16824
08008,11289
08009,27909
08010,23438
08011,51572
08012,9211
08013,11432
08019,878062
08020,7501
08014,2096
08015,1684
08017,168482
08018,4594
08021,148045
08022,2491
08064,1697
08023,6021
08025,8905
08026,2466
08027,45544
08028,5272
08029,56130
08030,7429
08031,39064
08032,109510
08033,952
08034,6903
08035,10974
08036,42860
08037,1391180
08038,4448
08016,3861
08039,4007
08040,29233
08041,1593
08042,1403
08043,2961
08044,4371
08045,44752
08046,7797
08047,5141
08048,23255
08049,2574
08050,63412
08051,7569
08052,28040
08053,5486
08054,7969
08055,16896
08056,2018
08057,2136
08058,2471
08059,5086
08060,10721
08024,4099
08061,3159
08062,31196
08063,6425
08065,20947
08066,6094
08067,5199
09010,749982
09002,400161
09014,417416
09003,608479
09004,199224
09015,532553
09005,1164477
09006,390348
09007,1827868
09008,243886
09016,364439
09009,137927
09011,361593
09012,677104
09017,427263
09013,415933
10001,32852
10002,4683
10003,4390
10004,35415
10005,654876
10018,11496
10006,10110
10007,342286
10008,35380
10009,9851
10010,3838
10011,4927
10012,153311
10013,26502
10014,39288
10015,12957
10016,19694
10039,27278
10017,9567
10019,5385
10020,12290
10021,10922
10022,25241
10023,50417
10024,13554
10025,3205
10026,19383
10027,5564
10028,12747
10029,2077
10030,1478
10031,7089
10032,48482
10033,6343
10034,26709
10035,11060
10036,22895
10037,9351
10038,21861
11001,90990
11002,112125
11004,68455
11005,92605
11006,5128
11007,494304
11009,82572
11010,12068
11011,95961
11012,28320
11013,24219
11014,152113
11015,184239
11016,21638
11017,574344
11018,38412
11019,49053
11020,1578626
11008,38832
11021,50377
11022,23528
11023,150570
11024,11872
11025,79798
11026,59879
11027,273271
11028,100391
11029,39668
11030,113109
11031,119510
11032,78794
11033,121027
11003,171857
11034,5261
11035,83060
11036,6824
11037,189567
11038,12256
11039,34263
11040,18960
11041,62761
11042,142672
11043,20166
11044,58830
11045,11639
11046,69763
12001,810669
12076,36449
12002,26858
12003,38134
12004,19368
12005,6657
12006,11159
12007,31406
12008,8731
12009,5476
12010,27212
12011,60382
12012,69716
12013,14865
12014,15318
12015,13286
12028,129867
12029,273106
12016,12725
12078,18458
12017,13457
12018,14304
12019,14866
12020,20192
12021,76306
12022,39002
12023,27266
12024,7649
12025,16415
12026,8559
12027,19746
12075,51316
12030,20855
12031,5780
12032,37340
12033,15287
12034,37094
12035,151660
12036,11383
12081,11114
12037,6179
12079,17661
12039,24890
12080,7576
12068,26432
12040,26342
12041,25584
12077,13730
12042,18526
12043,19456
12044,12752
12045,25483
12046,67641
12047,6883
12048,44263
12049,12900
12050,37494
12051,35926
12052,43671
12053,49449
12054,27853
12055,108416
12056,46812
12057,64577
12058,57377
12059,31599
12060,14658
12061,42653
12062,22771
12063,9753
12064,12404
12065,7407
12066,87967
12067,21995
12069,11726
12070,7201
12071,28839
12072,11221
12038,124824
12073,18206
12074,22721
13001,21044
13002,43774
13003,56429
13004,9116
13005,18320
13006,20332
13007,12410
13008,44576
13010,29683
13011,19902
13013,38564
13012,27433
13014,17163
13015,18347
13017,13789
13018,23961
13019,18169
13016,58301
13009,18807
13020,2667
13021,14825
13022,14693
13023,35872
13024,17728
13025,21244
13026,13986
13027,25989
13028,129919
13029,45959
13030,93502
13031,13399
13032,11818
13033,3108
13040,10139
13034,9461
13035,11801
13037,20111
13051,150176
13038,9028
13039,14640
13041,46224
13042,11587
13043,7031
13044,16896
13045,9636
13048,277375
13047,5139
13049,17379
13050,23451
13036,9437
13052,36079
13053,18986
13046,38952
13054,35547
13055,17032
13056,37292
13057,16235
13058,16403
13059,37674
13060,18766
13061,54373
13062,30750
13063,87442
13064,10932
13065,11624
13067,53009
13068,15122
13069,119442
13070,19389
13071,10376
13072,10342
13073,39772
13074,28490
13075,16733
13076,109093
13077,161069
13066,12413
13078,19752
13079,7706
13080,24173
13081,34720
13082,18748
13083,45382
13084,40201
14001,21530
14002,22261
14003,23362
14004,5385
14005,15344
14006,60951
14008,77116
14010,6717
14011,5475
14012,3899
14013,60480
14014,8264
14015,60572
14016,37963
14017,12453
14019,7341
14020,10303
14117,4110
14021,21584
14030,50738
14031,3383
14032,6102
14022,41300
14024,26687
14025,17865
14026,6088
14027,18138
14028,2120
14029,17980
14033,21479
14034,1862
14009,19900
14037,24312
14054,5379
14070,183437
14035,53555
14036,19847
14079,14278
14038,4184
14039,1460148
14040,9761
14041,5633
14042,8787
14044,53045
14045,19070
14046,33777
14047,24753
14048,19469
14049,9917
14050,46521
14051,17955
14052,5638
14018,65055
14043,24563
14057,3688
14053,164981
14055,22643
14058,14477
14059,13799
14060,5088
14061,19452
14062,3526
14063,99461
14064,32357
14065,11192
14066,51944
14067,275640
14069,8379
14071,3117
14072,7349
14113,16105
14125,18952
14073,69725
14007,9420
14074,15890
14075,3783
14076,3122
14077,27777
14078,32960
14098,664193
14080,5643
14081,3033
14056,2028
14082,36778
14083,80365
14084,15126
14085,38396
14086,19506
14087,16579
14089,3703
14088,17257
14090,7005
14091,41278
14092,10317
14093,141322
14094,42009
14095,9608
14096,20961
14097,549442
14099,10310
14100,35824
14101,536111
14102,5960
14103,7919
14104,4412
14105,23171
14106,4229
14107,6156
14108,34535
14109,17915
14110,13446
14111,6924
14112,5389
14114,17824
14115,5417
14116,20257
14068,10704
14118,22586
14119,28205
14120,1332272
14121,29190
14122,7027
14123,17893
14023,105423
14124,68519
15001,66034
15002,152506
15003,49026
15004,14846
15005,176237
15006,11126
15007,24669
15008,26610
15009,50904
15010,29347
15011,62392
15012,11875
15013,523296
15014,100675
15015,30945
15016,27709
15017,9863
15018,56574
15019,35495
15025,343701
15026,28289
15027,11764
15028,29159
15029,204107
15030,25543
15031,679811
15020,284462
15021,39897
15022,14414
15023,41810
15024,149550
15121,531041
15032,34000
15033,1677678
15034,9414
15064,37343
15035,128486
15036,43784
15037,267858
15038,11726
15039,495563
15040,35552
15041,6791
15042,153184
15044,27825
15045,87927
15046,19013
15047,74314
15048,65291
15049,13857
15050,25436
15070,293725
15051,146654
15123,27860
15052,27482
15053,57152
15054,227827
15055,12796
15056,29862
15057,844219
15059,39666
15058,1039867
15060,410118
15061,8960
15062,66190
15063,34485
15065,35274
15066,3872
15067,84519
15068,29114
15069,3963
15071,13851
15072,13261
15073,27230
15074,134143
15124,93878
15075,26960
15076,75511
15077,6010
15078,9682
15079,13290
15080,26832
15081,446008
15082,77799
15083,12984
15084,38622
15085,63721
15086,31631
15087,103834
15088,97891
15089,12470
15090,86380
15091,66518
15092,56993
15093,30680
15094,19843
15095,94198
15096,36902
15097,19206
15098,5246
15099,240749
15100,41333
15101,77147
15102,15664
15103,47390
15104,700734
15105,34937
15106,873536
15125,9728
15107,12324
15108,150182
15109,520557
15110,65703
15122,396157
15111,52641
15112,47151
15113,67929
15114,104612
15043,29572
15115,51646
15116,4137
15117,14958
15118,188927
15119,16927
15120,199069
16001,11425
16002,15241
16003,21651
16004,15193
16005,11120
16006,128250
16007,3218
16008,24864
16009,36549
16010,22138
16011,11328
16012,47498
16013,9485
16021,12373
16022,21784
16023,10258
16024,19081
16025,39035
16026,5032
16027,4559
16028,5016
16029,15455
16014,14392
16015,18444
16016,20749
16074,10450
16017,34193
16018,9151
16019,19018
16020,29681
16030,12788
16031,16622
16032,15291
16033,22707
16034,122619
16036,11723
16037,8093
16038,40818
16039,8838
16040,16990
16041,15215
16042,12720
16043,69744
16044,12426
16045,32950
16113,26214
16046,14387
16047,21548
16035,34243
16069,103702
16048,5571
16052,183185
16075,69723
16049,18030
16050,88535
16051,13750
16053,784776
16054,7806
16055,45484
16056,28074
16057,8195
16058,19595
16059,7988
16060,9794
16061,24424
16062,19440
16063,15705
16065,37464
16064,26789
16066,93265
16067,16920
16068,27832
16070,15255
16071,67644
16072,13836
16073,27862
16076,76587
16079,49588
16077,17845
16078,12466
16080,19146
16081,8804
16082,76661
16083,31100
16084,29268
16085,33621
16086,15352
16087,14819
16088,105400
16089,23842
16090,15010
16091,14532
16092,13731
16093,27788
16094,6202
16095,11994
16096,6947
16097,31849
16098,27371
16099,15383
16100,14432
16101,8966
16102,334749
16103,24708
16104,17166
16105,20624
16106,31404
16107,75632
16108,196208
16109,3200
16110,47327
16111,17394
16112,164144
17001,17772
17002,22079
17003,35689
17004,85521
17005,9768
17006,194786
17007,366321
17008,99493
17009,19231
17010,17238
17011,214137
17012,57121
17013,15690
17014,9967
17015,26713
17016,18580
17017,66435
17018,116143
17033,15844
17019,27187
17020,46946
17021,7772
17022,20698
17023,7166
17024,52110
17025,33844
17026,17714
17027,11992
17028,68984
17029,102690
17030,52651
17031,36159
17032,9370
18001,37309
18002,15953
18003,11851
18020,150250
18004,75520
18009,42514
18005,12614
18006,29416
18007,18580
18019,14315
18010,33901
18011,24743
18012,43979
18013,7499
18014,23477
18015,97820
18016,39718
18017,413608
18018,30565
18008,57418
19001,2639
19002,2439
19004,34353
19005,18194
19006,597207
19007,16152
19008,3977
19009,95534
19011,7757
19013,10835
19012,42715
19014,34110
19015,1632
19016,2861
19010,38306
19017,41130
19018,247370
19020,5479
19021,425148
19022,14795
19023,1044
19024,6011
19025,67294
19026,682880
19047,13836
19028,1511
19029,6921
19030,3571
19031,333481
19032,5238
19033,79853
19003,1292
19027,1764
19042,4469
19034,5630
19035,955
19036,6996
19037,5326
19038,60829
19039,1109171
19040,971
19041,87168
19043,2640
19044,35456
19045,54192
19046,430143
19019,123156
19048,296954
19049,42407
19050,1632
19051,4080
20001,882
20002,45883
20174,3917
20003,2027
20004,930
20005,15105
20006,18525
20007,2550
20008,758
20398,4418
20009,7102
20011,1182
20012,10497
20247,1549
20025,11413
20026,9066
20027,2251
20013,2953
20014,28637
20015,4823
20016,9936
20018,803
20019,2934
20020,3947
20021,15866
20022,716
20023,21597
20024,3643
20010,14277
20030,8575
20029,4135
20032,996
20034,1172
20033,2637
20035,531
20036,5409
20028,20915
20039,77547
20043,98043
20397,39945
20549,11034
20040,6299
20041,31551
20065,1209
20042,8268
20017,3365
20069,2632
20076,3256
20556,260
20044,42884
20045,8303
20046,3149
20048,1375
20049,1146
20050,3381
20051,4563
20052,6038
20053,1220
20562,1554
20054,415
20055,3486
20056,1424
20057,39828
20058,13097
20037,4380
20059,42312
20060,2585
20061,2722
20062,475
20063,3910
20064,7385
20504,1654
20067,264251
20068,21676
20070,6893
20071,2871
20073,32640
20075,2723
20077,3757
20078,1095
20079,89211
20080,1459
20081,1760
20082,4099
20083,9342
20084,3984
20085,24467
20086,929
20087,4334
20088,2819
20089,2112
20090,6168
20091,5336
20092,1604
20093,483
20094,1756
20095,4295
20096,716
20097,1671
20098,4425
20099,472
20100,422
20101,739
20102,4409
20103,6009
20104,2606
20105,7305
20106,249
20107,23038
20108,4421
20109,1227
20110,1484
20111,4245
20112,2494
20113,2996
20114,641
20115,9105
20121,654
20122,636
20116,4415
20117,2337
20118,2476
20119,386
20120,334
20123,2741
20124,18406
20125,12101
20126,5148
20127,1004
20128,1206
20129,360
20130,5127
20131,10628
20132,1077
20133,3596
20134,27979
20135,7862
20136,11604
20137,3379
20138,440
20139,2045
20140,791
20141,7650
20142,991
20143,8980
20144,949
20145,3854
20146,2787
20147,367
20148,1940
20149,1731
20150,12894
20151,323
20152,2109
20153,4836
20154,2407
20155,985
20156,3316
20157,15720
20158,2258
20159,5019
20160,1391
20161,2517
20162,1934
20163,1590
20550,5491
20164,2772
20165,1512
20166,12098
20167,2035
20072,6822
20168,1059
20169,3867
20170,3251
20171,18316
20172,376
20173,1462
20175,1583
20176,2687
20177,9945
20178,6874
20179,1456
20180,2593
20181,440
20183,1383
20182,2178
20184,162511
20559,22699
20185,8855
20191,330
20192,1494
20186,547
20187,1808
20188,10030
20189,2870
20190,23686
20206,2444
20193,2592
20194,1237
20195,1071
20196,413
20197,3212
20198,29364
20199,580
20200,3726
20201,1953
20202,4677
20203,3277
20204,607
20205,16972
20207,19163
20208,6680
20209,660
20210,5747
20211,2664
20212,2919
20213,4286
20214,1979
20215,788
20216,1280
20217,2877
20218,531
20219,2619
20220,2639
20221,1228
20222,1481
20223,474
20224,567
20225,6101
20226,2723
20227,15735
20228,807
20229,8323
20230,942
20231,2961
20232,20085
20233,1736
20234,7250
20235,3642
20236,1557
20237,1422
20238,851
20239,1010
20240,2298
20241,1087
20242,12246
20243,1821
20244,3787
20245,1265
20246,616
20248,14835
20250,1107
20251,1144
20252,2062
20253,2084
20254,3133
20255,2019
20256,224
20249,3614
20566,3010
20257,986
20258,712
20259,2360
20260,2172
20261,7549
20262,993
20264,2097
20265,6817
20263,3178
20266,8362
20267,244
20268,1014
20269,4109
20270,1094
20271,2644
20272,6422
20273,3287
20274,1271
20275,8119
20276,702
20278,39680
20279,2665
20281,266
20282,729
20283,997
20284,3149
20285,3662
20286,3164
20287,296
20288,593
20289,1135
20290,975
20291,4245
20292,1411
20293,15993
20294,7024
20295,9313
20296,890
20297,2504
20298,12511
20299,1063
20300,6664
20301,1505
20302,4539
20303,1089
20305,4234
20304,735
20306,3551
20307,10014
20308,3146
20309,11653
20310,8561
20311,545
20312,12387
20313,779
20314,1561
20315,1694
20316,693
20317,1239
20318,48336
20319,1074
20320,668
20321,720
20322,790
20323,2098
20324,47476
20325,10810
20326,5134
20327,15152
20328,1208
20329,1225
20330,4232
20331,873
20332,343
20333,2626
20337,4813
20339,4016
20340,1680
20335,910
20336,1698
20341,236
20342,3336
20343,1933
20344,2678
20345,4072
20346,1441
20347,3587
20348,8352
20349,1967
20350,18195
20351,2820
20352,3526
20534,3923
20535,2961
20536,413
20353,2153
20354,516
20355,727
20356,2067
20357,762
20358,1950
20359,918
20360,3773
20361,871
20362,1427
20363,2572
20364,15987
20365,1068
20366,3905
20367,4460
20368,1930
20369,1931
20074,482
20370,663
20371,1031
20372,1556
20373,366
20374,1548
20375,12814
20376,356
20377,11616
20378,3425
20379,2921
20380,2127
20381,2675
20382,1116
20383,583
20384,4754
20385,93188
20386,18512
20387,2914
20569,1616
20388,2372
20389,952
20390,49459
20391,3361
20392,6398
20393,3855
20047,87
20394,2766
20395,1720
20399,34115
20400,1568
20404,733
20406,20328
20407,9078
20401,24076
20402,1075
20403,2971
20408,482
20409,8918
20410,3353
20411,813
20412,3168
20413,45680
20414,11400
20415,4990
20416,488
20417,9474
20418,13148
20419,499
20396,3237
20420,1844
20421,4555
20422,585
20423,466
20424,3894
20425,2086
20426,8593
20427,16518
20428,1924
20429,1471
20430,360
20431,1692
20432,901
20433,2571
20434,4214
20435,3465
20436,981
20437,8922
20438,1635
20439,25130
20440,839
20441,8795
20442,267
20443,472
20444,411
20445,1514
20446,6048
20447,16340
20448,2234
20449,2939
20450,12683
20451,875
20452,3995
20453,3708
20454,2920
20455,2583
20456,1441
20457,3082
20459,4371
20460,4983
20458,967
20461,518
20462,4083
20463,529
20464,351
20465,1598
20466,13041
20467,19201
20468,14135
20469,36275
20470,4886
20471,498
20472,3326
20473,1292
20474,3284
20475,9681
20476,393
20477,1445
20478,1785
20479,202
20066,5327
20480,877
20481,1820
20482,53148
20483,10397
20484,4250
20485,3208
20487,1995
20488,114
20489,4994
20490,3098
20491,4404
20492,2956
20493,523
20494,4662
20495,3101
20496,1736
20497,4352
20498,6885
20499,2090
20500,8330
20501,936
20502,5187
20503,402
20506,755
20507,3469
20508,1486
20509,10738
20505,7965
20510,652
20511,3124
20512,870
20513,9157
20514,1020
20515,64639
20516,5093
20517,4815
20518,132
20519,2988
20520,6921
20521,235
20522,1030
20523,1503
20524,314
20525,12161
20530,3617
20531,2632
20532,3705
20533,2132
20526,17583
20527,2600
20528,980
20529,1380
20537,6495
20538,669
20539,5591
20031,7102
20541,1622
20542,825
20543,5869
20544,1016
20545,9876
20546,5784
20547,931
20548,1607
20551,22545
20552,438
20553,10208
20554,5361
20555,3032
20557,15347
20558,1371
20405,2110
20338,10737
20540,7707
20334,46152
20565,43279
20560,6646
20038,1917
20277,12425
20280,2279
20486,2403
20561,2789
20563,1264
20564,1129
20567,3142
20568,1431
20570,19849
21001,65048
21002,9095
21003,35764
21004,59077
21005,2989
21006,15637
21007,3186
21008,11269
21009,1803
21010,65854
21011,1790
21012,6521
21013,21100
21014,4832
21015,117244
21016,8768
21017,28306
21018,3679
21080,2562
21019,134364
21020,7039
21021,1326
21022,12230
21023,9344
21024,902
21025,8558
21026,14440
21027,3886
21028,2624
21099,19174
21029,3637
21045,46778
21046,7752
21047,20155
21048,20441
21050,25978
21049,16569
21051,34415
21052,1137
21053,62028
21054,34196
21055,4515
21056,1362
21058,20010
21059,2221
21030,756
21031,2951
21032,1379
21033,4885
21034,40949
21035,20459
21036,13942
21037,2221
21038,10101
21039,9337
21040,10179
21041,112225
21042,3163
21043,47983
21044,15704
21060,7421
21061,12520
21062,4879
21063,14974
21064,16677
21065,20511
21066,5755
21067,16923
21068,7611
21057,7857
21069,24787
21070,6317
21071,103509
21072,18803
21073,8443
21150,7242
21074,73771
21075,12897
21076,25981
21077,5186
21078,15096
21079,5373
21081,3635
21082,8752
21083,24512
21084,6975
21085,77601
21086,12077
21087,13120
21088,4504
21089,12818
21090,21253
21091,10685
21092,5192
21095,469
21093,7817
21094,33784
21118,27454
21096,2826
21097,2333
21098,6352
21100,9974
21101,3294
21102,12442
21103,6259
21104,30848
21105,4735
21106,28220
21107,11517
21108,18239
21109,22002
21110,46233
21111,18102
21112,9623
21113,4322
21114,1576259
21115,50962
21116,22136
21117,14159
21119,137290
21120,5590
21121,1198
21122,10456
21123,3838
21124,15763
21125,8962
21126,6265
21127,3441
21128,8692
21129,13159
21130,3362
21131,856
21132,152051
21133,699
21134,20175
21135,477
21136,12341
21137,9972
21138,11734
21139,3534
21140,129032
21141,3320
21142,30303
21143,31355
21144,14810
21145,14092
21146,756
21147,6289
21148,9236
21149,25228
21151,8511
21152,12226
21153,21992
21154,77061
21155,5461
21156,319375
21157,11156
21158,6975
21159,3707
21160,3135
21161,20580
21162,3947
21163,17472
21164,80507
21165,1124
21166,8492
21167,11622
21168,6793
21169,20598
21170,16892
21171,3534
21172,28139
21173,5869
21174,97590
21175,12783
21176,8547
21179,28953
21177,52508
21178,16496
21180,40220
21181,7125
21182,4957
21183,19982
21184,6493
21185,8444
21186,53498
21187,5345
21188,17956
21189,21229
21190,1180
21191,9150
21192,6314
21193,7126
21194,29090
21195,24660
21196,1513
21197,81455
21198,1177
21199,39959
21200,3357
21201,3301
21202,12740
21203,6336
21204,7943
21205,25057
21206,4396
21207,55299
21208,82457
21209,8495
21210,5469
21211,16173
21212,19050
21213,13320
21214,16817
21215,4902
21216,2442
21217,18278
22001,61259
22003,13307
22004,69549
22005,62667
22006,181684
22011,156275
22007,40572
22008,38295
22009,26902
22010,17947
22012,68313
22013,20144
22002,25623
22014,878931
22015,9480
22016,268408
22017,70742
22018,28274
23010,39111
23005,743626
23001,86415
23002,81742
23003,19495
23006,37502
23007,27243
23004,224080
23008,209634
23009,32714
24001,18369
24002,8296
24003,48772
24004,4064
24053,37645
24005,18491
24006,9705
24007,19176
24008,21288
24009,4535
24015,20839
24010,32867
24011,45385
24013,177022
24014,15184
24016,43569
24058,21955
24017,26340
24018,15828
24019,5462
24020,99015
24057,31109
24021,57184
24022,19539
24023,15279
24024,94191
24025,31794
24026,9361
24027,10257
24028,824229
24029,21176
24030,5176
24034,14700
24031,11791
24032,39859
24033,12210
24035,309342
24036,30087
24037,92291
24038,15382
24039,15598
24040,38751
24012,20550
24041,19750
24042,15120
24043,9383
24044,7629
24045,14486
24056,15258
24046,17888
24047,9671
24048,5227
24049,37184
24050,49385
24051,14830
24052,10048
24054,52062
24055,26236
25001,449215
25002,47207
25003,31821
25007,33027
25004,27157
25005,16292
25006,905265
25010,100459
25008,53856
25009,59436
25011,295353
25012,502547
25013,45351
25018,154352
25014,53773
25015,81109
25016,21442
25017,88659
26001,2756
26002,82918
26003,25694
26004,9578
26005,1163
26006,2677
26007,582
26008,1083
26009,802
26010,1367
26011,1554
26012,23053
26013,1612
26014,3312
26015,1457
26071,21957
26016,5233
26017,85631
26018,433050
26019,35892
26020,4840
26022,965
26023,6109
26024,717
26025,56177
26026,63216
26027,8666
26070,16931
26028,1064
26029,158046
26030,884273
26031,1231
26032,890
26033,80524
26034,927
26035,12812
26021,2076
26036,31180
26037,1237
26038,4967
26039,6160
26040,2019
26041,13843
26042,163650
26043,233952
26044,468
26045,2643
26046,372
26047,9514
26048,62177
26049,2839
26050,1444
26051,5025
26052,5626
26053,407
26072,14549
26054,557
26055,192739
26056,9081
26057,1481
26058,16248
26059,1768
26060,1567
26061,1420
26062,1142
26063,1230
26064,1577
26065,1193
26066,8704
26067,1523
26068,1181
26069,6012
27001,60516
27002,258554
27003,110130
27004,684847
27005,201654
27006,138504
27007,30637
27008,188792
27009,38231
27010,87249
27011,30567
27012,165729
27013,138366
27014,94375
27015,48784
27016,58523
27017,59814
28001,12100
28002,29183
28003,235066
28004,9902
28005,4428
28006,8062
28007,15762
28008,4179
28009,209175
28010,1937
28021,117648
28011,9186
28012,43757
28013,15560
28014,4439
28015,15398
28016,22799
28017,15296
28018,8165
28019,16555
28020,2493
28022,520367
28023,4122
28024,4326
28025,27447
28026,3555
28027,399431
28028,3551
28029,13828
28030,13927
28031,1705
28032,646202
28033,126887
28034,8723
28035,55981
28036,1038
28037,25419
28038,314418
28039,29560
28040,64188
28041,346029
28042,6165
28043,23739
29022,5925
29001,11144
29002,15271
29005,78624
29003,6597
29004,17173
29045,6038
29006,48385
29010,70011
29018,38330
29008,15337
29009,5272
29007,17259
29046,4561
29012,8668
29013,92887
29014,14575
29015,38324
29016,7080
29048,18873
29047,3103
29017,10901
29011,4679
29021,18115
29023,25053
29024,27154
29041,30364
29049,5569
29050,10910
29051,3767
29052,5923
29053,7511
29054,5618
29055,3131
29025,77242
29020,9490
29056,7773
29057,4559
29058,8817
29059,7169
29026,20242
29060,4992
29027,12834
29028,24380
29019,21060
29029,12047
29030,14746
29031,32613
29032,13414
29033,95051
29034,42536
29035,5843
29036,21814
29038,16359
29039,23905
29040,10263
29042,13629
29043,38296
29044,42686
29037,8955
30001,8819
30002,3147
30003,87267
30004,43388
30005,5350
30006,22969
30204,48091
30160,104694
30008,10189
30009,28922
30010,65548
30011,52927
30012,7987
30014,45430
30015,33730
30017,4009
30018,1924
30019,6534
30020,10933
30021,23896
30022,21360
30023,50873
30025,26694
30026,24822
30027,17618
30028,142207
30029,12929
30007,6426
30030,42347
30208,24565
30031,16996
30157,20037
30032,49651
30033,23675
30034,26807
30054,12494
30055,13479
30056,6684
30057,14394
30058,55844
30059,16241
30060,16741
30062,21102
30063,14565
30064,3880
30035,12109
30036,10482
30037,8566
30038,92127
30039,319187
30040,56897
30041,2236
30042,5718
30043,19859
30044,218153
30045,57147
30046,16353
30047,58479
30048,129527
30049,21013
30050,16754
30051,22570
30052,12238
30053,27940
30205,19478
30065,78336
30066,27297
30067,18367
30068,66168
30069,24791
30070,19587
30071,60674
30072,21391
30073,43309
30074,7221
30075,17105
30076,13474
30077,43349
30078,13591
30079,11442
30083,54132
30080,23005
30082,15800
30081,24896
30084,5790
30085,68823
30086,44488
30088,5006
30089,41644
30090,11361
30091,29413
30093,16682
30169,22923
30094,38895
30095,15916
30016,26920
30127,26880
30096,1534
30061,81827
30107,2920
30132,19725
30097,19606
30137,5830
30098,3043
30099,18096
30100,23408
30101,37285
30102,110415
30103,12332
30104,17312
30105,75346
30106,4685
30108,157393
30109,64249
30110,11646
30111,17504
30206,30039
30112,21816
30113,4559
30013,28295
30114,10866
30115,37908
30116,16710
30117,24020
30118,126005
30119,5703
30120,16222
30121,23244
30122,17480
30123,100549
30124,161097
30126,33392
30125,31890
30128,72795
30129,18145
30130,39205
30131,200119
30133,57646
30134,22454
30135,23112
30136,8068
30138,41927
30139,6147
30140,2921
30141,164834
30142,33929
30211,29631
30212,12512
30143,57466
30144,32721
30146,3656
30145,16363
30147,23130
30148,27770
30149,35155
30150,11750
30151,23120
30152,12320
30153,5792
30154,12983
30155,103616
30209,15614
30156,5767
30158,23865
30159,26322
30161,35823
30162,6677
30163,5189
30164,16480
30165,8417
30166,9668
30167,14736
30168,15018
30170,10934
30171,5284
30172,20887
30173,56956
30174,106277
30175,96418
30180,11630
30176,4953
30177,11431
30178,13421
30179,3833
30181,37857
30182,18715
30024,15818
30183,61982
30184,7709
30185,5258
30186,6869
30187,5670
30188,17428
30207,46672
30189,161829
30190,2185
30191,30580
30210,29434
30192,20275
30193,609964
30194,11760
30087,480841
30092,38198
30195,5446
30196,17896
30197,12108
30198,7194
30199,11354
30200,13409
30201,43871
30202,14620
30203,15031
31001,6502
31002,16127
31003,11312
31004,5811
31005,2191
31006,8887
31007,7224
31008,3992
31009,4580
31010,2519
31011,7836
31012,3886
31016,3015
31017,4583
31018,3153
31019,36881
31021,8371
31020,4468
31022,4166
31023,4691
31024,3308
31013,11141
31014,1572
31015,5181
31025,5357
31026,3662
31027,8176
31028,2744
31029,6120
31030,3783
31031,2609
31032,16071
31033,20152
31034,6089
31035,5976
31036,7670
31037,5218
31038,32475
31039,4073
31040,26801
31041,96317
31042,5455
31043,3119
31044,7187
31045,2515
31046,3210
31047,5637
31048,22619
31049,3700
31050,892363
31051,3218
31052,36097
31053,12722
31054,2837
31055,6789
31056,31202
31057,7792
31058,25264
31059,59122
31060,963
31061,3502
31062,4819
31063,5119
31065,1945
31064,1678
31066,4047
31067,9724
31068,3088
31069,8902
31070,3918
31071,1710
31072,1762
31073,5111
31074,3641
31075,6551
31076,17609
31077,2616
31078,3786
31079,42440
31080,10232
31081,3216
31082,3704
31083,1778
31084,7210
31085,15503
31086,2134
31087,5124
31088,1916
31089,40161
31090,7362
31091,11942
31092,7157
31093,17787
31094,4813
31095,5407
31096,77621
31097,3522
31098,14784
31099,4056
31100,3682
31101,55261
31102,80313
31103,3482
31104,15203
31105,3109
31106,2227
32001,6086
32002,4738
32003,2427
32004,3990
32005,45204
32006,8393
32009,11416
32007,12944
32008,12590
32015,1160
32041,2455
32010,230865
32012,8185
32013,6325
32014,21809
32016,23192
32017,187918
32018,4084
32019,24093
32020,59125
32021,4275
32022,21806
32023,12627
32024,53441
32025,13292
32026,17457
32027,2938
32028,2484
32029,23827
32030,2404
32031,9129
32032,12354
32033,3947
32034,27750
32035,16864
32036,43471
32037,17647
32038,73151
32039,63880
32040,22278
32058,2656
32042,62433
32043,1329
32044,15484
32045,8855
32046,7071
32047,5378
32048,26645
32057,19413
32011,2884
32049,32606
32050,9796
32051,35252
32052,18745
32053,13099
32054,19155
32055,30240
32056,146147
