ANIO,MES,FECHA,K_GRUPO,GRUPO,MARKET_SHARE
2013,01,15JAN2013,C584,TOTALPLAY,0.010%
2013,01,15JAN2013,C087,CABLECOM,1.384%
2013,01,15JAN2013,C611,ULTRAVISION,0.006%
2013,01,15JAN2013,C373,MAXCOM,1.176%
2013,01,15JAN2013,G001,AXTEL,4.155%
2013,01,15JAN2013,C054,AXESAT,0.047%
2013,01,15JAN2013,C010,AIRECABLE,0.006%
2013,01,15JAN2013,C639,CABLEVISION RED,0.795%
2013,01,15JAN2013,C599,TV REY,0.030%
2013,01,15JAN2013,C020,ALESTRA,0.046%
2013,01,15JAN2013,G008,MEGACABLE-MCM,6.694%
2013,01,15JAN2013,G004,GRUPO TELEVISA,11.603%
2013,01,15JAN2013,G006,AMÉRICA MÓVIL,74.049%
2013,02,15FEB2013,C010,AIRECABLE,0.006%
2013,02,15FEB2013,C584,TOTALPLAY,0.064%
2013,02,15FEB2013,G006,AMÉRICA MÓVIL,73.924%
2013,02,15FEB2013,C639,CABLEVISION RED,0.802%
2013,02,15FEB2013,C599,TV REY,0.031%
2013,02,15FEB2013,C020,ALESTRA,0.045%
2013,02,15FEB2013,G008,MEGACABLE-MCM,6.708%
2013,02,15FEB2013,G004,GRUPO TELEVISA,11.709%
2013,02,15FEB2013,C054,AXESAT,0.044%
2013,02,15FEB2013,G001,AXTEL,4.081%
2013,02,15FEB2013,C373,MAXCOM,1.187%
2013,02,15FEB2013,C087,CABLECOM,1.393%
2013,02,15FEB2013,C611,ULTRAVISION,0.006%
2013,03,15MAR2013,C611,ULTRAVISION,0.006%
2013,03,15MAR2013,G006,AMÉRICA MÓVIL,73.777%
2013,03,15MAR2013,C054,AXESAT,0.044%
2013,03,15MAR2013,G008,MEGACABLE-MCM,6.703%
2013,03,15MAR2013,C599,TV REY,0.031%
2013,03,15MAR2013,C020,ALESTRA,0.044%
2013,03,15MAR2013,C087,CABLECOM,1.403%
2013,03,15MAR2013,G001,AXTEL,4.027%
2013,03,15MAR2013,C010,AIRECABLE,0.006%
2013,03,15MAR2013,C584,TOTALPLAY,0.112%
2013,03,15MAR2013,C639,CABLEVISION RED,0.804%
2013,03,15MAR2013,G004,GRUPO TELEVISA,11.853%
2013,03,15MAR2013,C373,MAXCOM,1.190%
2013,04,15APR2013,G001,AXTEL,4.001%
2013,04,15APR2013,C054,AXESAT,0.044%
2013,04,15APR2013,C373,MAXCOM,1.195%
2013,04,15APR2013,C010,AIRECABLE,0.006%
2013,04,15APR2013,G008,MEGACABLE-MCM,6.612%
2013,04,15APR2013,C639,CABLEVISION RED,0.808%
2013,04,15APR2013,G006,AMÉRICA MÓVIL,73.666%
2013,04,15APR2013,C087,CABLECOM,1.438%
2013,04,15APR2013,C020,ALESTRA,0.042%
2013,04,15APR2013,C599,TV REY,0.032%
2013,04,15APR2013,C584,TOTALPLAY,0.164%
2013,04,15APR2013,C611,ULTRAVISION,0.006%
2013,04,15APR2013,G004,GRUPO TELEVISA,11.987%
2013,05,15MAY2013,C639,CABLEVISION RED,0.807%
2013,05,15MAY2013,C010,AIRECABLE,0.006%
2013,05,15MAY2013,G001,AXTEL,3.986%
2013,05,15MAY2013,C373,MAXCOM,1.198%
2013,05,15MAY2013,C584,TOTALPLAY,0.215%
2013,05,15MAY2013,C054,AXESAT,0.044%
2013,05,15MAY2013,G004,GRUPO TELEVISA,12.123%
2013,05,15MAY2013,G006,AMÉRICA MÓVIL,73.565%
2013,05,15MAY2013,C020,ALESTRA,0.041%
2013,05,15MAY2013,C087,CABLECOM,1.474%
2013,05,15MAY2013,C599,TV REY,0.033%
2013,05,15MAY2013,C611,ULTRAVISION,0.006%
2013,05,15MAY2013,G008,MEGACABLE-MCM,6.502%
2013,06,15JUN2013,G004,GRUPO TELEVISA,12.277%
2013,06,15JUN2013,C373,MAXCOM,1.199%
2013,06,15JUN2013,C639,CABLEVISION RED,0.804%
2013,06,15JUN2013,C020,ALESTRA,0.041%
2013,06,15JUN2013,C611,ULTRAVISION,0.006%
2013,06,15JUN2013,G008,MEGACABLE-MCM,6.488%
2013,06,15JUN2013,C054,AXESAT,0.044%
2013,06,15JUN2013,G001,AXTEL,3.973%
2013,06,15JUN2013,C010,AIRECABLE,0.006%
2013,06,15JUN2013,C584,TOTALPLAY,0.266%
2013,06,15JUN2013,C087,CABLECOM,1.508%
2013,06,15JUN2013,C599,TV REY,0.033%
2013,06,15JUN2013,G006,AMÉRICA MÓVIL,73.355%
2013,07,15JUL2013,C373,MAXCOM,1.212%
2013,07,15JUL2013,C020,ALESTRA,0.040%
2013,07,15JUL2013,G001,AXTEL,3.971%
2013,07,15JUL2013,C087,CABLECOM,1.539%
2013,07,15JUL2013,G008,MEGACABLE-MCM,6.467%
2013,07,15JUL2013,C599,TV REY,0.035%
2013,07,15JUL2013,C054,AXESAT,0.043%
2013,07,15JUL2013,G006,AMÉRICA MÓVIL,73.139%
2013,07,15JUL2013,G004,GRUPO TELEVISA,12.431%
2013,07,15JUL2013,C639,CABLEVISION RED,0.797%
2013,07,15JUL2013,C611,ULTRAVISION,0.006%
2013,07,15JUL2013,C584,TOTALPLAY,0.315%
2013,07,15JUL2013,C010,AIRECABLE,0.006%
2013,08,15AUG2013,C599,TV REY,0.037%
2013,08,15AUG2013,G006,AMÉRICA MÓVIL,72.706%
2013,08,15AUG2013,C054,AXESAT,0.043%
2013,08,15AUG2013,C087,CABLECOM,1.565%
2013,08,15AUG2013,C584,TOTALPLAY,0.363%
2013,08,15AUG2013,C373,MAXCOM,1.239%
2013,08,15AUG2013,G004,GRUPO TELEVISA,12.652%
2013,08,15AUG2013,C020,ALESTRA,0.039%
2013,08,15AUG2013,C639,CABLEVISION RED,0.818%
2013,08,15AUG2013,C010,AIRECABLE,0.006%
2013,08,15AUG2013,G008,MEGACABLE-MCM,6.544%
2013,08,15AUG2013,C611,ULTRAVISION,0.006%
2013,08,15AUG2013,G001,AXTEL,3.981%
2013,09,15SEP2013,G004,GRUPO TELEVISA,12.837%
2013,09,15SEP2013,C639,CABLEVISION RED,0.826%
2013,09,15SEP2013,G006,AMÉRICA MÓVIL,72.381%
2013,09,15SEP2013,C584,TOTALPLAY,0.382%
2013,09,15SEP2013,C010,AIRECABLE,0.006%
2013,09,15SEP2013,C611,ULTRAVISION,0.006%
2013,09,15SEP2013,G001,AXTEL,3.962%
2013,09,15SEP2013,G008,MEGACABLE-MCM,6.635%
2013,09,15SEP2013,C054,AXESAT,0.043%
2013,09,15SEP2013,C599,TV REY,0.038%
2013,09,15SEP2013,C373,MAXCOM,1.252%
2013,09,15SEP2013,C020,ALESTRA,0.038%
2013,09,15SEP2013,C087,CABLECOM,1.593%
2013,10,15OCT2013,C373,MAXCOM,1.245%
2013,10,15OCT2013,C020,ALESTRA,0.038%
2013,10,15OCT2013,G004,GRUPO TELEVISA,13.050%
2013,10,15OCT2013,C010,AIRECABLE,0.006%
2013,10,15OCT2013,G008,MEGACABLE-MCM,6.660%
2013,10,15OCT2013,C639,CABLEVISION RED,0.824%
2013,10,15OCT2013,C599,TV REY,0.040%
2013,10,15OCT2013,C611,ULTRAVISION,0.006%
2013,10,15OCT2013,C584,TOTALPLAY,0.456%
2013,10,15OCT2013,C087,CABLECOM,1.620%
2013,10,15OCT2013,C054,AXESAT,0.043%
2013,10,15OCT2013,G006,AMÉRICA MÓVIL,72.035%
2013,10,15OCT2013,G001,AXTEL,3.978%
2013,11,15NOV2013,C054,AXESAT,0.043%
2013,11,15NOV2013,C611,ULTRAVISION,0.006%
2013,11,15NOV2013,G001,AXTEL,3.993%
2013,11,15NOV2013,G008,MEGACABLE-MCM,6.731%
2013,11,15NOV2013,C639,CABLEVISION RED,0.839%
2013,11,15NOV2013,C373,MAXCOM,1.249%
2013,11,15NOV2013,C087,CABLECOM,1.650%
2013,11,15NOV2013,G004,GRUPO TELEVISA,13.205%
2013,11,15NOV2013,G006,AMÉRICA MÓVIL,71.695%
2013,11,15NOV2013,C010,AIRECABLE,0.006%
2013,11,15NOV2013,C599,TV REY,0.041%
2013,11,15NOV2013,C020,ALESTRA,0.037%
2013,11,15NOV2013,C584,TOTALPLAY,0.503%
2013,12,15DEC2013,G004,GRUPO TELEVISA,13.353%
2013,12,15DEC2013,G006,AMÉRICA MÓVIL,71.389%
2013,12,15DEC2013,C054,AXESAT,0.043%
2013,12,15DEC2013,C020,ALESTRA,0.037%
2013,12,15DEC2013,G008,MEGACABLE-MCM,6.891%
2013,12,15DEC2013,C373,MAXCOM,1.188%
2013,12,15DEC2013,G001,AXTEL,3.989%
2013,12,15DEC2013,C611,ULTRAVISION,0.006%
2013,12,15DEC2013,C639,CABLEVISION RED,0.845%
2013,12,15DEC2013,C584,TOTALPLAY,0.541%
2013,12,15DEC2013,C599,TV REY,0.042%
2013,12,15DEC2013,C087,CABLECOM,1.670%
2013,12,15DEC2013,C010,AIRECABLE,0.006%
2014,01,15JAN2014,C020,ALESTRA,0.034%
2014,01,15JAN2014,G004,GRUPO TELEVISA,13.512%
2014,01,15JAN2014,G006,AMÉRICA MÓVIL,70.871%
2014,01,15JAN2014,C599,TV REY,0.043%
2014,01,15JAN2014,C087,CABLECOM,1.735%
2014,01,15JAN2014,C584,TOTALPLAY,0.596%
2014,01,15JAN2014,G001,AXTEL,3.987%
2014,01,15JAN2014,C010,AIRECABLE,0.007%
2014,01,15JAN2014,C639,CABLEVISION RED,0.854%
2014,01,15JAN2014,C611,ULTRAVISION,0.006%
2014,01,15JAN2014,C054,AXESAT,0.043%
2014,01,15JAN2014,C373,MAXCOM,1.249%
2014,01,15JAN2014,G008,MEGACABLE-MCM,7.063%
2014,02,15FEB2014,G008,MEGACABLE-MCM,7.168%
2014,02,15FEB2014,C639,CABLEVISION RED,0.868%
2014,02,15FEB2014,C010,AIRECABLE,0.007%
2014,02,15FEB2014,G001,AXTEL,3.972%
2014,02,15FEB2014,C087,CABLECOM,1.713%
2014,02,15FEB2014,G006,AMÉRICA MÓVIL,70.662%
2014,02,15FEB2014,C373,MAXCOM,1.255%
2014,02,15FEB2014,C584,TOTALPLAY,0.642%
2014,02,15FEB2014,C020,ALESTRA,0.033%
2014,02,15FEB2014,C054,AXESAT,0.042%
2014,02,15FEB2014,C611,ULTRAVISION,0.006%
2014,02,15FEB2014,G004,GRUPO TELEVISA,13.588%
2014,02,15FEB2014,C599,TV REY,0.044%
2014,03,15MAR2014,G008,MEGACABLE-MCM,7.315%
2014,03,15MAR2014,C373,MAXCOM,1.257%
2014,03,15MAR2014,C087,CABLECOM,1.733%
2014,03,15MAR2014,G001,AXTEL,3.948%
2014,03,15MAR2014,C054,AXESAT,0.042%
2014,03,15MAR2014,C010,AIRECABLE,0.007%
2014,03,15MAR2014,C020,ALESTRA,0.032%
2014,03,15MAR2014,C611,ULTRAVISION,0.007%
2014,03,15MAR2014,C584,TOTALPLAY,0.688%
2014,03,15MAR2014,C639,CABLEVISION RED,0.880%
2014,03,15MAR2014,G006,AMÉRICA MÓVIL,70.414%
2014,03,15MAR2014,C599,TV REY,0.046%
2014,03,15MAR2014,G004,GRUPO TELEVISA,13.632%
2014,04,15APR2014,C373,MAXCOM,1.258%
2014,04,15APR2014,G001,AXTEL,3.935%
2014,04,15APR2014,C054,AXESAT,0.042%
2014,04,15APR2014,G004,GRUPO TELEVISA,13.726%
2014,04,15APR2014,G006,AMÉRICA MÓVIL,70.197%
2014,04,15APR2014,C087,CABLECOM,1.747%
2014,04,15APR2014,C020,ALESTRA,0.032%
2014,04,15APR2014,C010,AIRECABLE,0.007%
2014,04,15APR2014,C639,CABLEVISION RED,0.890%
2014,04,15APR2014,C611,ULTRAVISION,0.007%
2014,04,15APR2014,G008,MEGACABLE-MCM,7.381%
2014,04,15APR2014,C599,TV REY,0.048%
2014,04,15APR2014,C584,TOTALPLAY,0.731%
2014,05,15MAY2014,C584,TOTALPLAY,0.788%
2014,05,15MAY2014,G008,MEGACABLE-MCM,7.534%
2014,05,15MAY2014,C373,MAXCOM,1.262%
2014,05,15MAY2014,C599,TV REY,0.050%
2014,05,15MAY2014,G001,AXTEL,3.922%
2014,05,15MAY2014,C611,ULTRAVISION,0.007%
2014,05,15MAY2014,C639,CABLEVISION RED,0.899%
2014,05,15MAY2014,C054,AXESAT,0.040%
2014,05,15MAY2014,C020,ALESTRA,0.031%
2014,05,15MAY2014,C087,CABLECOM,1.781%
2014,05,15MAY2014,G004,GRUPO TELEVISA,13.869%
2014,05,15MAY2014,G006,AMÉRICA MÓVIL,69.810%
2014,05,15MAY2014,C010,AIRECABLE,0.007%
2014,06,15JUN2014,C087,CABLECOM,1.796%
2014,06,15JUN2014,G001,AXTEL,3.897%
2014,06,15JUN2014,G006,AMÉRICA MÓVIL,69.461%
2014,06,15JUN2014,C054,AXESAT,0.040%
2014,06,15JUN2014,C020,ALESTRA,0.031%
2014,06,15JUN2014,C639,CABLEVISION RED,0.910%
2014,06,15JUN2014,C584,TOTALPLAY,0.835%
2014,06,15JUN2014,C373,MAXCOM,1.260%
2014,06,15JUN2014,G008,MEGACABLE-MCM,7.648%
2014,06,15JUN2014,G004,GRUPO TELEVISA,14.057%
2014,06,15JUN2014,C010,AIRECABLE,0.007%
2014,06,15JUN2014,C611,ULTRAVISION,0.007%
2014,06,15JUN2014,C599,TV REY,0.052%
2014,07,15JUL2014,G008,MEGACABLE-MCM,7.790%
2014,07,15JUL2014,C639,CABLEVISION RED,0.929%
2014,07,15JUL2014,C010,AIRECABLE,0.007%
2014,07,15JUL2014,G004,GRUPO TELEVISA,14.094%
2014,07,15JUL2014,C020,ALESTRA,0.030%
2014,07,15JUL2014,C087,CABLECOM,1.821%
2014,07,15JUL2014,C054,AXESAT,0.040%
2014,07,15JUL2014,G001,AXTEL,3.874%
2014,07,15JUL2014,C584,TOTALPLAY,0.887%
2014,07,15JUL2014,C611,ULTRAVISION,0.007%
2014,07,15JUL2014,C599,TV REY,0.052%
2014,07,15JUL2014,C373,MAXCOM,1.260%
2014,07,15JUL2014,G006,AMÉRICA MÓVIL,69.209%
2014,08,15AUG2014,C599,TV REY,0.054%
2014,08,15AUG2014,G008,MEGACABLE-MCM,8.011%
2014,08,15AUG2014,C584,TOTALPLAY,0.927%
2014,08,15AUG2014,G004,GRUPO TELEVISA,16.091%
2014,08,15AUG2014,C020,ALESTRA,0.029%
2014,08,15AUG2014,C373,MAXCOM,1.269%
2014,08,15AUG2014,G001,AXTEL,3.841%
2014,08,15AUG2014,C010,AIRECABLE,0.007%
2014,08,15AUG2014,C639,CABLEVISION RED,0.951%
2014,08,15AUG2014,C054,AXESAT,0.040%
2014,08,15AUG2014,C611,ULTRAVISION,0.007%
2014,08,15AUG2014,G006,AMÉRICA MÓVIL,68.774%
2014,09,15SEP2014,G004,GRUPO TELEVISA,16.146%
2014,09,15SEP2014,C054,AXESAT,0.040%
2014,09,15SEP2014,C020,ALESTRA,0.029%
2014,09,15SEP2014,G008,MEGACABLE-MCM,8.205%
2014,09,15SEP2014,G001,AXTEL,3.809%
2014,09,15SEP2014,C010,AIRECABLE,0.007%
2014,09,15SEP2014,C639,CABLEVISION RED,0.968%
2014,09,15SEP2014,C373,MAXCOM,1.272%
2014,09,15SEP2014,C611,ULTRAVISION,0.007%
2014,09,15SEP2014,C599,TV REY,0.055%
2014,09,15SEP2014,C584,TOTALPLAY,0.975%
2014,09,15SEP2014,G006,AMÉRICA MÓVIL,68.489%
2014,10,15OCT2014,C373,MAXCOM,1.264%
2014,10,15OCT2014,C584,TOTALPLAY,1.017%
2014,10,15OCT2014,G008,MEGACABLE-MCM,8.386%
2014,10,15OCT2014,C010,AIRECABLE,0.007%
2014,10,15OCT2014,G004,GRUPO TELEVISA,16.319%
2014,10,15OCT2014,G006,AMÉRICA MÓVIL,68.122%
2014,10,15OCT2014,C020,ALESTRA,0.028%
2014,10,15OCT2014,C599,TV REY,0.057%
2014,10,15OCT2014,C054,AXESAT,0.029%
2014,10,15OCT2014,C639,CABLEVISION RED,0.985%
2014,10,15OCT2014,G001,AXTEL,3.778%
2014,10,15OCT2014,C611,ULTRAVISION,0.007%
2014,11,15NOV2014,C599,TV REY,0.058%
2014,11,15NOV2014,G008,MEGACABLE-MCM,8.625%
2014,11,15NOV2014,G004,GRUPO TELEVISA,16.507%
2014,11,15NOV2014,C054,AXESAT,0.030%
2014,11,15NOV2014,C020,ALESTRA,0.028%
2014,11,15NOV2014,C611,ULTRAVISION,0.007%
2014,11,15NOV2014,G001,AXTEL,3.740%
2014,11,15NOV2014,G006,AMÉRICA MÓVIL,67.668%
2014,11,15NOV2014,C639,CABLEVISION RED,1.011%
2014,11,15NOV2014,C010,AIRECABLE,0.007%
2014,11,15NOV2014,C373,MAXCOM,1.255%
2014,11,15NOV2014,C584,TOTALPLAY,1.065%
2014,12,15DEC2014,C584,TOTALPLAY,1.170%
2014,12,15DEC2014,G008,MEGACABLE-MCM,9.368%
2014,12,15DEC2014,C054,AXESAT,0.030%
2014,12,15DEC2014,C020,ALESTRA,0.024%
2014,12,15DEC2014,G004,GRUPO TELEVISA,17.706%
2014,12,15DEC2014,C010,AIRECABLE,0.008%
2014,12,15DEC2014,G001,AXTEL,3.873%
2014,12,15DEC2014,C373,MAXCOM,1.292%
2014,12,15DEC2014,G006,AMÉRICA MÓVIL,65.362%
2014,12,15DEC2014,C639,CABLEVISION RED,1.097%
2014,12,15DEC2014,C599,TV REY,0.063%
2014,12,15DEC2014,C611,ULTRAVISION,0.008%
2015,01,15JAN2015,C611,ULTRAVISION,0.008%
2015,01,15JAN2015,C584,TOTALPLAY,1.209%
2015,01,15JAN2015,C020,ALESTRA,0.028%
2015,01,15JAN2015,C010,AIRECABLE,0.008%
2015,01,15JAN2015,G001,AXTEL,3.781%
2015,01,15JAN2015,C373,MAXCOM,1.284%
2015,01,15JAN2015,G004,GRUPO TELEVISA,19.042%
2015,01,15JAN2015,G006,AMÉRICA MÓVIL,64.942%
2015,01,15JAN2015,C599,TV REY,0.064%
2015,01,15JAN2015,G008,MEGACABLE-MCM,9.601%
2015,01,15JAN2015,C054,AXESAT,0.030%
2015,01,15JAN2015,C259,TRANSTELCO,0.003%
2015,02,15FEB2015,C599,TV REY,0.064%
2015,02,15FEB2015,G004,GRUPO TELEVISA,19.246%
2015,02,15FEB2015,C259,TRANSTELCO,0.003%
2015,02,15FEB2015,C584,TOTALPLAY,1.251%
2015,02,15FEB2015,C020,ALESTRA,0.028%
2015,02,15FEB2015,C010,AIRECABLE,0.008%
2015,02,15FEB2015,G001,AXTEL,3.685%
2015,02,15FEB2015,C373,MAXCOM,1.265%
2015,02,15FEB2015,C611,ULTRAVISION,0.008%
2015,02,15FEB2015,C054,AXESAT,0.030%
2015,02,15FEB2015,G008,MEGACABLE-MCM,9.804%
2015,02,15FEB2015,G006,AMÉRICA MÓVIL,64.607%
2015,03,15MAR2015,G008,MEGACABLE-MCM,9.970%
2015,03,15MAR2015,C611,ULTRAVISION,0.009%
2015,03,15MAR2015,C010,AIRECABLE,0.009%
2015,03,15MAR2015,C020,ALESTRA,0.027%
2015,03,15MAR2015,G004,GRUPO TELEVISA,19.543%
2015,03,15MAR2015,G001,AXTEL,3.600%
2015,03,15MAR2015,C373,MAXCOM,1.247%
2015,03,15MAR2015,G006,AMÉRICA MÓVIL,64.211%
2015,03,15MAR2015,C054,AXESAT,0.030%
2015,03,15MAR2015,C259,TRANSTELCO,0.003%
2015,03,15MAR2015,C584,TOTALPLAY,1.288%
2015,03,15MAR2015,C599,TV REY,0.065%
2015,04,15APR2015,C010,AIRECABLE,0.008%
2015,04,15APR2015,G001,AXTEL,3.502%
2015,04,15APR2015,C259,TRANSTELCO,0.004%
2015,04,15APR2015,G004,GRUPO TELEVISA,19.370%
2015,04,15APR2015,C599,TV REY,0.069%
2015,04,15APR2015,G008,MEGACABLE-MCM,11.086%
2015,04,15APR2015,C584,TOTALPLAY,1.319%
2015,04,15APR2015,C373,MAXCOM,1.227%
2015,04,15APR2015,G006,AMÉRICA MÓVIL,63.356%
2015,04,15APR2015,C020,ALESTRA,0.048%
2015,04,15APR2015,C611,ULTRAVISION,0.009%
2015,04,15APR2015,C054,AXESAT,0.002%
2015,05,15MAY2015,C599,TV REY,0.071%
2015,05,15MAY2015,G008,MEGACABLE-MCM,11.239%
2015,05,15MAY2015,C259,TRANSTELCO,0.004%
2015,05,15MAY2015,C611,ULTRAVISION,0.009%
2015,05,15MAY2015,C020,ALESTRA,0.047%
2015,05,15MAY2015,G001,AXTEL,3.425%
2015,05,15MAY2015,C010,AIRECABLE,0.009%
2015,05,15MAY2015,C373,MAXCOM,1.215%
2015,05,15MAY2015,C054,AXESAT,0.002%
2015,05,15MAY2015,G006,AMÉRICA MÓVIL,63.098%
2015,05,15MAY2015,G004,GRUPO TELEVISA,19.537%
2015,05,15MAY2015,C584,TOTALPLAY,1.345%
2015,06,15JUN2015,G008,MEGACABLE-MCM,11.393%
2015,06,15JUN2015,C010,AIRECABLE,0.009%
2015,06,15JUN2015,G006,AMÉRICA MÓVIL,62.842%
2015,06,15JUN2015,C259,TRANSTELCO,0.005%
2015,06,15JUN2015,G001,AXTEL,3.356%
2015,06,15JUN2015,G004,GRUPO TELEVISA,19.668%
2015,06,15JUN2015,C599,TV REY,0.071%
2015,06,15JUN2015,C373,MAXCOM,1.216%
2015,06,15JUN2015,C584,TOTALPLAY,1.383%
2015,06,15JUN2015,C611,ULTRAVISION,0.009%
2015,06,15JUN2015,C054,AXESAT,0.002%
2015,06,15JUN2015,C020,ALESTRA,0.045%
2015,07,15JUL2015,C020,ALESTRA,0.064%
2015,07,15JUL2015,G008,MEGACABLE-MCM,11.478%
2015,07,15JUL2015,C010,AIRECABLE,0.009%
2015,07,15JUL2015,C259,TRANSTELCO,0.005%
2015,07,15JUL2015,G004,GRUPO TELEVISA,20.198%
2015,07,15JUL2015,G001,AXTEL,3.268%
2015,07,15JUL2015,C373,MAXCOM,1.182%
2015,07,15JUL2015,C611,ULTRAVISION,0.009%
2015,07,15JUL2015,C599,TV REY,0.070%
2015,07,15JUL2015,C054,AXESAT,0.003%
2015,07,15JUL2015,G006,AMÉRICA MÓVIL,62.259%
2015,07,15JUL2015,C350,MARCATEL,0.001%
2015,07,15JUL2015,C584,TOTALPLAY,1.453%
2015,08,15AUG2015,C584,TOTALPLAY,1.533%
2015,08,15AUG2015,C259,TRANSTELCO,0.005%
2015,08,15AUG2015,C020,ALESTRA,0.064%
2015,08,15AUG2015,G004,GRUPO TELEVISA,20.310%
2015,08,15AUG2015,G006,AMÉRICA MÓVIL,61.853%
2015,08,15AUG2015,G008,MEGACABLE-MCM,11.767%
2015,08,15AUG2015,C373,MAXCOM,1.167%
2015,08,15AUG2015,C599,TV REY,0.069%
2015,08,15AUG2015,G001,AXTEL,3.207%
2015,08,15AUG2015,C010,AIRECABLE,0.009%
2015,08,15AUG2015,C611,ULTRAVISION,0.010%
2015,08,15AUG2015,C350,MARCATEL,0.001%
2015,08,15AUG2015,C054,AXESAT,0.003%
2015,09,15SEP2015,G008,MEGACABLE-MCM,12.002%
2015,09,15SEP2015,G006,AMÉRICA MÓVIL,61.415%
2015,09,15SEP2015,C259,TRANSTELCO,0.005%
2015,09,15SEP2015,C020,ALESTRA,0.064%
2015,09,15SEP2015,C584,TOTALPLAY,1.623%
2015,09,15SEP2015,G004,GRUPO TELEVISA,20.501%
2015,09,15SEP2015,G001,AXTEL,3.148%
2015,09,15SEP2015,C373,MAXCOM,1.149%
2015,09,15SEP2015,C054,AXESAT,0.004%
2015,09,15SEP2015,C611,ULTRAVISION,0.010%
2015,09,15SEP2015,C599,TV REY,0.068%
2015,09,15SEP2015,C350,MARCATEL,0.001%
2015,09,15SEP2015,C010,AIRECABLE,0.010%
2015,10,15OCT2015,G006,AMÉRICA MÓVIL,61.091%
2015,10,15OCT2015,C020,ALESTRA,0.052%
2015,10,15OCT2015,C010,AIRECABLE,0.010%
2015,10,15OCT2015,C584,TOTALPLAY,1.756%
2015,10,15OCT2015,G004,GRUPO TELEVISA,20.588%
2015,10,15OCT2015,C054,AXESAT,0.004%
2015,10,15OCT2015,C373,MAXCOM,1.147%
2015,10,15OCT2015,G008,MEGACABLE-MCM,12.141%
2015,10,15OCT2015,C599,TV REY,0.069%
2015,10,15OCT2015,C611,ULTRAVISION,0.010%
2015,10,15OCT2015,C350,MARCATEL,0.002%
2015,10,15OCT2015,G001,AXTEL,3.127%
2015,10,15OCT2015,C259,TRANSTELCO,0.005%
2015,11,15NOV2015,G008,MEGACABLE-MCM,12.327%
2015,11,15NOV2015,G006,AMÉRICA MÓVIL,60.736%
2015,11,15NOV2015,C584,TOTALPLAY,1.862%
2015,11,15NOV2015,G004,GRUPO TELEVISA,20.747%
2015,11,15NOV2015,C259,TRANSTELCO,0.005%
2015,11,15NOV2015,G001,AXTEL,3.042%
2015,11,15NOV2015,C373,MAXCOM,1.135%
2015,11,15NOV2015,C054,AXESAT,0.004%
2015,11,15NOV2015,C611,ULTRAVISION,0.010%
2015,11,15NOV2015,C010,AIRECABLE,0.010%
2015,11,15NOV2015,C350,MARCATEL,0.002%
2015,11,15NOV2015,C599,TV REY,0.069%
2015,11,15NOV2015,C020,ALESTRA,0.051%
2015,12,15DEC2015,C599,TV REY,0.068%
2015,12,15DEC2015,G006,AMÉRICA MÓVIL,60.272%
2015,12,15DEC2015,G004,GRUPO TELEVISA,20.937%
2015,12,15DEC2015,C373,MAXCOM,1.114%
2015,12,15DEC2015,C020,ALESTRA,0.050%
2015,12,15DEC2015,G001,AXTEL,3.004%
2015,12,15DEC2015,C584,TOTALPLAY,1.974%
2015,12,15DEC2015,C054,AXESAT,0.004%
2015,12,15DEC2015,C010,AIRECABLE,0.011%
2015,12,15DEC2015,C611,ULTRAVISION,0.009%
2015,12,15DEC2015,C350,MARCATEL,0.002%
2015,12,15DEC2015,C259,TRANSTELCO,0.005%
2015,12,15DEC2015,G008,MEGACABLE-MCM,12.549%
2016,01,15JAN2016,G008,MEGACABLE-MCM,12.785%
2016,01,15JAN2016,G006,AMÉRICA MÓVIL,59.936%
2016,01,15JAN2016,C584,TOTALPLAY,2.162%
2016,01,15JAN2016,G004,GRUPO TELEVISA,20.830%
2016,01,15JAN2016,G003,TELEFÓNICA,0.033%
2016,01,15JAN2016,C373,MAXCOM,1.098%
2016,01,15JAN2016,C599,TV REY,0.068%
2016,01,15JAN2016,G009,AXTEL,3.054%
2016,01,15JAN2016,C054,AXESAT,0.004%
2016,01,15JAN2016,C010,AIRECABLE,0.011%
2016,01,15JAN2016,C611,ULTRAVISION,0.010%
2016,01,15JAN2016,C259,TRANSTELCO,0.005%
2016,01,15JAN2016,C350,MARCATEL,0.002%
2016,02,15FEB2016,G008,MEGACABLE-MCM,12.872%
2016,02,15FEB2016,C259,TRANSTELCO,0.006%
2016,02,15FEB2016,G006,AMÉRICA MÓVIL,59.725%
2016,02,15FEB2016,C584,TOTALPLAY,2.301%
2016,02,15FEB2016,C599,TV REY,0.068%
2016,02,15FEB2016,G004,GRUPO TELEVISA,20.874%
2016,02,15FEB2016,G003,TELEFÓNICA,0.032%
2016,02,15FEB2016,C373,MAXCOM,1.086%
2016,02,15FEB2016,C010,AIRECABLE,0.011%
2016,02,15FEB2016,C054,AXESAT,0.004%
2016,02,15FEB2016,C611,ULTRAVISION,0.010%
2016,02,15FEB2016,C350,MARCATEL,0.002%
2016,02,15FEB2016,G009,AXTEL,3.009%
2016,03,15MAR2016,G008,MEGACABLE-MCM,12.972%
2016,03,15MAR2016,C611,ULTRAVISION,0.010%
2016,03,15MAR2016,C584,TOTALPLAY,2.439%
2016,03,15MAR2016,G004,GRUPO TELEVISA,20.847%
2016,03,15MAR2016,C373,MAXCOM,1.075%
2016,03,15MAR2016,C259,TRANSTELCO,0.006%
2016,03,15MAR2016,G006,AMÉRICA MÓVIL,59.561%
2016,03,15MAR2016,C010,AIRECABLE,0.011%
2016,03,15MAR2016,C054,AXESAT,0.004%
2016,03,15MAR2016,C350,MARCATEL,0.002%
2016,03,15MAR2016,G009,AXTEL,2.973%
2016,03,15MAR2016,G003,TELEFÓNICA,0.031%
2016,03,15MAR2016,C599,TV REY,0.068%
2016,04,15APR2016,C584,TOTALPLAY,2.547%
2016,04,15APR2016,G004,GRUPO TELEVISA,20.821%
2016,04,15APR2016,G009,AXTEL,2.938%
2016,04,15APR2016,G003,TELEFÓNICA,0.031%
2016,04,15APR2016,G006,AMÉRICA MÓVIL,59.525%
2016,04,15APR2016,C373,MAXCOM,1.055%
2016,04,15APR2016,C599,TV REY,0.067%
2016,04,15APR2016,C259,TRANSTELCO,0.006%
2016,04,15APR2016,C010,AIRECABLE,0.012%
2016,04,15APR2016,C054,AXESAT,0.004%
2016,04,15APR2016,C611,ULTRAVISION,0.011%
2016,04,15APR2016,C350,MARCATEL,0.001%
2016,04,15APR2016,G008,MEGACABLE-MCM,12.982%
2016,05,15MAY2016,G006,AMÉRICA MÓVIL,59.320%
2016,05,15MAY2016,G008,MEGACABLE-MCM,13.050%
2016,05,15MAY2016,G009,AXTEL,2.903%
2016,05,15MAY2016,C584,TOTALPLAY,2.637%
2016,05,15MAY2016,G003,TELEFÓNICA,0.032%
2016,05,15MAY2016,C373,MAXCOM,1.045%
2016,05,15MAY2016,C010,AIRECABLE,0.012%
2016,05,15MAY2016,G004,GRUPO TELEVISA,20.913%
2016,05,15MAY2016,C259,TRANSTELCO,0.006%
2016,05,15MAY2016,C054,AXESAT,0.004%
2016,05,15MAY2016,C611,ULTRAVISION,0.011%
2016,05,15MAY2016,C350,MARCATEL,0.001%
2016,05,15MAY2016,C599,TV REY,0.065%
2016,06,15JUN2016,G006,AMÉRICA MÓVIL,59.057%
2016,06,15JUN2016,C584,TOTALPLAY,2.753%
2016,06,15JUN2016,G004,GRUPO TELEVISA,21.040%
2016,06,15JUN2016,G008,MEGACABLE-MCM,13.129%
2016,06,15JUN2016,C259,TRANSTELCO,0.006%
2016,06,15JUN2016,G003,TELEFÓNICA,0.033%
2016,06,15JUN2016,C373,MAXCOM,1.018%
2016,06,15JUN2016,C599,TV REY,0.064%
2016,06,15JUN2016,C010,AIRECABLE,0.012%
2016,06,15JUN2016,C054,AXESAT,0.005%
2016,06,15JUN2016,C611,ULTRAVISION,0.011%
2016,06,15JUN2016,C350,MARCATEL,0.001%
2016,06,15JUN2016,G009,AXTEL,2.871%
2016,07,15JUL2016,G003,TELEFÓNICA,0.032%
2016,07,15JUL2016,G008,MEGACABLE-MCM,13.111%
2016,07,15JUL2016,C259,TRANSTELCO,0.006%
2016,07,15JUL2016,G009,AXTEL,2.831%
2016,07,15JUL2016,C584,TOTALPLAY,3.136%
2016,07,15JUL2016,G004,GRUPO TELEVISA,21.021%
2016,07,15JUL2016,C373,MAXCOM,0.990%
2016,07,15JUL2016,C010,AIRECABLE,0.012%
2016,07,15JUL2016,G006,AMÉRICA MÓVIL,58.784%
2016,07,15JUL2016,C054,AXESAT,0.002%
2016,07,15JUL2016,C599,TV REY,0.062%
2016,07,15JUL2016,C611,ULTRAVISION,0.011%
2016,07,15JUL2016,C350,MARCATEL,0.001%
2016,08,15AUG2016,C259,TRANSTELCO,0.006%
2016,08,15AUG2016,G006,AMÉRICA MÓVIL,58.505%
2016,08,15AUG2016,C584,TOTALPLAY,3.235%
2016,08,15AUG2016,G004,GRUPO TELEVISA,21.075%
2016,08,15AUG2016,G009,AXTEL,2.806%
2016,08,15AUG2016,G003,TELEFÓNICA,0.033%
2016,08,15AUG2016,C373,MAXCOM,0.977%
2016,08,15AUG2016,C010,AIRECABLE,0.012%
2016,08,15AUG2016,G008,MEGACABLE-MCM,13.276%
2016,08,15AUG2016,C054,AXESAT,0.002%
2016,08,15AUG2016,C611,ULTRAVISION,0.011%
2016,08,15AUG2016,C350,MARCATEL,0.001%
2016,08,15AUG2016,C599,TV REY,0.060%
2016,09,15SEP2016,G008,MEGACABLE-MCM,13.624%
2016,09,15SEP2016,C259,TRANSTELCO,0.006%
2016,09,15SEP2016,C584,TOTALPLAY,3.359%
2016,09,15SEP2016,G003,TELEFÓNICA,0.033%
2016,09,15SEP2016,C010,AIRECABLE,0.013%
2016,09,15SEP2016,C373,MAXCOM,0.953%
2016,09,15SEP2016,G006,AMÉRICA MÓVIL,58.189%
2016,09,15SEP2016,C054,AXESAT,0.002%
2016,09,15SEP2016,C611,ULTRAVISION,0.011%
2016,09,15SEP2016,C350,MARCATEL,0.001%
2016,09,15SEP2016,G004,GRUPO TELEVISA,20.977%
2016,09,15SEP2016,G009,AXTEL,2.776%
2016,09,15SEP2016,C599,TV REY,0.058%
2016,10,15OCT2016,C010,AIRECABLE,0.013%
2016,10,15OCT2016,G008,MEGACABLE-MCM,13.763%
2016,10,15OCT2016,C259,TRANSTELCO,0.006%
2016,10,15OCT2016,G006,AMÉRICA MÓVIL,58.039%
2016,10,15OCT2016,C584,TOTALPLAY,3.483%
2016,10,15OCT2016,G009,AXTEL,2.756%
2016,10,15OCT2016,G004,GRUPO TELEVISA,20.942%
2016,10,15OCT2016,G003,TELEFÓNICA,0.032%
2016,10,15OCT2016,C373,MAXCOM,0.893%
2016,10,15OCT2016,C054,AXESAT,0.002%
2016,10,15OCT2016,C611,ULTRAVISION,0.011%
2016,10,15OCT2016,C350,MARCATEL,0.001%
2016,10,15OCT2016,C599,TV REY,0.058%
2016,11,15NOV2016,G008,MEGACABLE-MCM,13.794%
2016,11,15NOV2016,C259,TRANSTELCO,0.006%
2016,11,15NOV2016,C584,TOTALPLAY,3.589%
2016,11,15NOV2016,G004,GRUPO TELEVISA,20.936%
2016,11,15NOV2016,C010,AIRECABLE,0.013%
2016,11,15NOV2016,C373,MAXCOM,0.833%
2016,11,15NOV2016,C054,AXESAT,0.002%
2016,11,15NOV2016,G006,AMÉRICA MÓVIL,57.990%
2016,11,15NOV2016,G003,TELEFÓNICA,0.032%
2016,11,15NOV2016,C611,ULTRAVISION,0.011%
2016,11,15NOV2016,C350,MARCATEL,0.001%
2016,11,15NOV2016,C599,TV REY,0.059%
2016,11,15NOV2016,G009,AXTEL,2.733%
2016,12,15DEC2016,C010,AIRECABLE,0.013%
2016,12,15DEC2016,C259,TRANSTELCO,0.006%
2016,12,15DEC2016,G006,AMÉRICA MÓVIL,57.958%
2016,12,15DEC2016,C584,TOTALPLAY,3.670%
2016,12,15DEC2016,G008,MEGACABLE-MCM,13.998%
2016,12,15DEC2016,G004,GRUPO TELEVISA,20.801%
2016,12,15DEC2016,G003,TELEFÓNICA,0.032%
2016,12,15DEC2016,C373,MAXCOM,0.775%
2016,12,15DEC2016,G009,AXTEL,2.674%
2016,12,15DEC2016,C054,AXESAT,0.002%
2016,12,15DEC2016,C611,ULTRAVISION,0.010%
2016,12,15DEC2016,C350,MARCATEL,0.001%
2016,12,15DEC2016,C599,TV REY,0.059%
2017,01,15JAN2017,G008,MEGACABLE-MCM,14.112%
2017,01,15JAN2017,C259,TRANSTELCO,0.006%
2017,01,15JAN2017,G004,GRUPO TELEVISA,20.742%
2017,01,15JAN2017,C584,TOTALPLAY,3.770%
2017,01,15JAN2017,C010,AIRECABLE,0.013%
2017,01,15JAN2017,G003,TELEFÓNICA,0.032%
2017,01,15JAN2017,C373,MAXCOM,0.576%
2017,01,15JAN2017,G009,AXTEL,2.744%
2017,01,15JAN2017,C054,AXESAT,0.003%
2017,01,15JAN2017,C611,ULTRAVISION,0.013%
2017,01,15JAN2017,C350,MARCATEL,0.001%
2017,01,15JAN2017,C599,TV REY,0.059%
2017,01,15JAN2017,G006,AMÉRICA MÓVIL,57.930%
2017,02,15FEB2017,C259,TRANSTELCO,0.006%
2017,02,15FEB2017,G006,AMÉRICA MÓVIL,57.815%
2017,02,15FEB2017,C584,TOTALPLAY,3.883%
2017,02,15FEB2017,G004,GRUPO TELEVISA,20.731%
2017,02,15FEB2017,C010,AIRECABLE,0.013%
2017,02,15FEB2017,G003,TELEFÓNICA,0.031%
2017,02,15FEB2017,G009,AXTEL,2.720%
2017,02,15FEB2017,C373,MAXCOM,0.562%
2017,02,15FEB2017,G008,MEGACABLE-MCM,14.163%
2017,02,15FEB2017,C054,AXESAT,0.003%
2017,02,15FEB2017,C611,ULTRAVISION,0.013%
2017,02,15FEB2017,C350,MARCATEL,0.001%
2017,02,15FEB2017,C599,TV REY,0.058%
2017,03,15MAR2017,G008,MEGACABLE-MCM,14.329%
2017,03,15MAR2017,C259,TRANSTELCO,0.006%
2017,03,15MAR2017,C584,TOTALPLAY,4.014%
2017,03,15MAR2017,G004,GRUPO TELEVISA,20.852%
2017,03,15MAR2017,C010,AIRECABLE,0.014%
2017,03,15MAR2017,G006,AMÉRICA MÓVIL,57.445%
2017,03,15MAR2017,C599,TV REY,0.060%
2017,03,15MAR2017,C373,MAXCOM,0.545%
2017,03,15MAR2017,C054,AXESAT,0.003%
2017,03,15MAR2017,C611,ULTRAVISION,0.013%
2017,03,15MAR2017,C350,MARCATEL,0.001%
2017,03,15MAR2017,G003,TELEFÓNICA,0.033%
2017,03,15MAR2017,G009,AXTEL,2.687%
2017,04,15APR2017,C259,TRANSTELCO,0.006%
2017,04,15APR2017,G006,AMÉRICA MÓVIL,57.245%
2017,04,15APR2017,C584,TOTALPLAY,4.106%
2017,04,15APR2017,C010,AIRECABLE,0.014%
2017,04,15APR2017,G004,GRUPO TELEVISA,20.944%
2017,04,15APR2017,G003,TELEFÓNICA,0.032%
2017,04,15APR2017,G008,MEGACABLE-MCM,14.392%
2017,04,15APR2017,C373,MAXCOM,0.533%
2017,04,15APR2017,C599,TV REY,0.061%
2017,04,15APR2017,C054,AXESAT,0.003%
2017,04,15APR2017,C611,ULTRAVISION,0.013%
2017,04,15APR2017,C350,MARCATEL,0.001%
2017,04,15APR2017,G009,AXTEL,2.650%
2017,05,15MAY2017,G008,MEGACABLE-MCM,14.542%
2017,05,15MAY2017,C259,TRANSTELCO,0.006%
2017,05,15MAY2017,G006,AMÉRICA MÓVIL,56.973%
2017,05,15MAY2017,C584,TOTALPLAY,4.171%
2017,05,15MAY2017,G004,GRUPO TELEVISA,21.059%
2017,05,15MAY2017,C010,AIRECABLE,0.014%
2017,05,15MAY2017,G003,TELEFÓNICA,0.032%
2017,05,15MAY2017,C373,MAXCOM,0.516%
2017,05,15MAY2017,C054,AXESAT,0.003%
2017,05,15MAY2017,C599,TV REY,0.061%
2017,05,15MAY2017,C611,ULTRAVISION,0.013%
2017,05,15MAY2017,C350,MARCATEL,0.001%
2017,05,15MAY2017,G009,AXTEL,2.607%
2017,06,15JUN2017,G008,MEGACABLE-MCM,14.758%
2017,06,15JUN2017,C259,TRANSTELCO,0.006%
2017,06,15JUN2017,G006,AMÉRICA MÓVIL,56.553%
2017,06,15JUN2017,C584,TOTALPLAY,4.279%
2017,06,15JUN2017,C010,AIRECABLE,0.014%
2017,06,15JUN2017,G004,GRUPO TELEVISA,21.214%
2017,06,15JUN2017,G003,TELEFÓNICA,0.033%
2017,06,15JUN2017,C373,MAXCOM,0.501%
2017,06,15JUN2017,C054,AXESAT,0.003%
2017,06,15JUN2017,C599,TV REY,0.061%
2017,06,15JUN2017,C611,ULTRAVISION,0.013%
2017,06,15JUN2017,C350,MARCATEL,0.001%
2017,06,15JUN2017,G009,AXTEL,2.564%
2017,07,15JUL2017,G008,MEGACABLE-MCM,14.850%
2017,07,15JUL2017,C259,TRANSTELCO,0.006%
2017,07,15JUL2017,C584,TOTALPLAY,4.383%
2017,07,15JUL2017,C010,AIRECABLE,0.014%
2017,07,15JUL2017,G004,GRUPO TELEVISA,21.453%
2017,07,15JUL2017,G006,AMÉRICA MÓVIL,56.161%
2017,07,15JUL2017,G003,TELEFÓNICA,0.033%
2017,07,15JUL2017,C373,MAXCOM,0.487%
2017,07,15JUL2017,C054,AXESAT,0.004%
2017,07,15JUL2017,C611,ULTRAVISION,0.012%
2017,07,15JUL2017,C350,MARCATEL,0.001%
2017,07,15JUL2017,C599,TV REY,0.062%
2017,07,15JUL2017,G009,AXTEL,2.532%
2017,08,15AUG2017,C259,TRANSTELCO,0.007%
2017,08,15AUG2017,C599,TV REY,0.062%
2017,08,15AUG2017,C010,AIRECABLE,0.014%
2017,08,15AUG2017,C584,TOTALPLAY,4.496%
2017,08,15AUG2017,G006,AMÉRICA MÓVIL,55.962%
2017,08,15AUG2017,G004,GRUPO TELEVISA,21.509%
2017,08,15AUG2017,G003,TELEFÓNICA,0.035%
2017,08,15AUG2017,C373,MAXCOM,0.469%
2017,08,15AUG2017,C054,AXESAT,0.004%
2017,08,15AUG2017,G009,AXTEL,2.480%
2017,08,15AUG2017,C611,ULTRAVISION,0.013%
2017,08,15AUG2017,C350,MARCATEL,0.001%
2017,08,15AUG2017,G008,MEGACABLE-MCM,14.950%
2017,09,15SEP2017,G008,MEGACABLE-MCM,15.120%
2017,09,15SEP2017,C259,TRANSTELCO,0.007%
2017,09,15SEP2017,C599,TV REY,0.062%
2017,09,15SEP2017,C010,AIRECABLE,0.014%
2017,09,15SEP2017,C584,TOTALPLAY,4.623%
2017,09,15SEP2017,G003,TELEFÓNICA,0.035%
2017,09,15SEP2017,C373,MAXCOM,0.447%
2017,09,15SEP2017,C054,AXESAT,0.004%
2017,09,15SEP2017,G004,GRUPO TELEVISA,21.731%
2017,09,15SEP2017,C611,ULTRAVISION,0.013%
2017,09,15SEP2017,C350,MARCATEL,0.001%
2017,09,15SEP2017,G006,AMÉRICA MÓVIL,55.474%
2017,09,15SEP2017,G009,AXTEL,2.471%
2017,10,15OCT2017,C259,TRANSTELCO,0.007%
2017,10,15OCT2017,C010,AIRECABLE,0.014%
2017,10,15OCT2017,G006,AMÉRICA MÓVIL,55.022%
2017,10,15OCT2017,C584,TOTALPLAY,4.735%
2017,10,15OCT2017,C599,TV REY,0.063%
2017,10,15OCT2017,G004,GRUPO TELEVISA,21.970%
2017,10,15OCT2017,G003,TELEFÓNICA,0.035%
2017,10,15OCT2017,C373,MAXCOM,0.433%
2017,10,15OCT2017,C054,AXESAT,0.004%
2017,10,15OCT2017,G008,MEGACABLE-MCM,15.246%
2017,10,15OCT2017,C611,ULTRAVISION,0.013%
2017,10,15OCT2017,C350,MARCATEL,0.001%
2017,10,15OCT2017,G009,AXTEL,2.457%
2017,11,15NOV2017,G008,MEGACABLE-MCM,15.321%
2017,11,15NOV2017,C259,TRANSTELCO,0.007%
2017,11,15NOV2017,C010,AIRECABLE,0.014%
2017,11,15NOV2017,C584,TOTALPLAY,4.869%
2017,11,15NOV2017,G004,GRUPO TELEVISA,22.058%
2017,11,15NOV2017,C599,TV REY,0.064%
2017,11,15NOV2017,G003,TELEFÓNICA,0.034%
2017,11,15NOV2017,C373,MAXCOM,0.418%
2017,11,15NOV2017,G006,AMÉRICA MÓVIL,54.771%
2017,11,15NOV2017,C054,AXESAT,0.004%
2017,11,15NOV2017,C611,ULTRAVISION,0.013%
2017,11,15NOV2017,C350,MARCATEL,0.001%
2017,11,15NOV2017,G009,AXTEL,2.426%
2017,12,15DEC2017,C259,TRANSTELCO,0.006%
2017,12,15DEC2017,C010,AIRECABLE,0.014%
2017,12,15DEC2017,G006,AMÉRICA MÓVIL,54.508%
2017,12,15DEC2017,C584,TOTALPLAY,4.919%
2017,12,15DEC2017,G004,GRUPO TELEVISA,22.196%
2017,12,15DEC2017,G003,TELEFÓNICA,0.034%
2017,12,15DEC2017,C373,MAXCOM,0.395%
2017,12,15DEC2017,C599,TV REY,0.064%
2017,12,15DEC2017,C054,AXESAT,0.004%
2017,12,15DEC2017,C611,ULTRAVISION,0.012%
2017,12,15DEC2017,C350,MARCATEL,0.000%
2017,12,15DEC2017,G008,MEGACABLE-MCM,15.454%
2017,12,15DEC2017,G009,AXTEL,2.393%
2018,01,15JAN2018,G008,MEGACABLE-MCM,15.563%
2018,01,15JAN2018,C259,TRANSTELCO,0.006%
2018,01,15JAN2018,C010,AIRECABLE,0.014%
2018,01,15JAN2018,G006,AMÉRICA MÓVIL,54.267%
2018,01,15JAN2018,C584,TOTALPLAY,4.999%
2018,01,15JAN2018,G004,GRUPO TELEVISA,22.327%
2018,01,15JAN2018,G003,TELEFÓNICA,0.034%
2018,01,15JAN2018,C599,TV REY,0.064%
2018,01,15JAN2018,C373,MAXCOM,0.343%
2018,01,15JAN2018,C054,AXESAT,0.003%
2018,01,15JAN2018,C717,IENTC,0.012%
2018,01,15JAN2018,C611,ULTRAVISION,0.013%
2018,01,15JAN2018,C350,MARCATEL,0.001%
2018,01,15JAN2018,G009,AXTEL,2.355%
2018,02,15FEB2018,G009,AXTEL,2.316%
2018,02,15FEB2018,C259,TRANSTELCO,0.007%
2018,02,15FEB2018,G008,MEGACABLE-MCM,15.626%
2018,02,15FEB2018,C010,AIRECABLE,0.014%
2018,02,15FEB2018,G006,AMÉRICA MÓVIL,53.952%
2018,02,15FEB2018,C584,TOTALPLAY,5.113%
2018,02,15FEB2018,G004,GRUPO TELEVISA,22.514%
2018,02,15FEB2018,G003,TELEFÓNICA,0.035%
2018,02,15FEB2018,C373,MAXCOM,0.333%
2018,02,15FEB2018,C054,AXESAT,0.003%
2018,02,15FEB2018,C599,TV REY,0.062%
2018,02,15FEB2018,C717,IENTC,0.012%
2018,02,15FEB2018,C611,ULTRAVISION,0.013%
2018,02,15FEB2018,C350,MARCATEL,0.001%
2018,03,15MAR2018,C010,AIRECABLE,0.015%
2018,03,15MAR2018,G008,MEGACABLE-MCM,15.681%
2018,03,15MAR2018,C584,TOTALPLAY,5.256%
2018,03,15MAR2018,G004,GRUPO TELEVISA,22.607%
2018,03,15MAR2018,C259,TRANSTELCO,0.006%
2018,03,15MAR2018,G003,TELEFÓNICA,0.034%
2018,03,15MAR2018,C373,MAXCOM,0.322%
2018,03,15MAR2018,C054,AXESAT,0.003%
2018,03,15MAR2018,G006,AMÉRICA MÓVIL,53.707%
2018,03,15MAR2018,C717,IENTC,0.013%
2018,03,15MAR2018,C599,TV REY,0.061%
2018,03,15MAR2018,C611,ULTRAVISION,0.013%
2018,03,15MAR2018,C350,MARCATEL,0.000%
2018,03,15MAR2018,G009,AXTEL,2.282%
2018,04,15APR2018,G008,MEGACABLE-MCM,15.679%
2018,04,15APR2018,G006,AMÉRICA MÓVIL,53.552%
2018,04,15APR2018,C584,TOTALPLAY,5.362%
2018,04,15APR2018,G004,GRUPO TELEVISA,22.674%
2018,04,15APR2018,G009,AXTEL,2.240%
2018,04,15APR2018,G003,TELEFÓNICA,0.033%
2018,04,15APR2018,C373,MAXCOM,0.316%
2018,04,15APR2018,C054,AXESAT,0.003%
2018,04,15APR2018,C725,STARGROUP,0.033%
2018,04,15APR2018,C717,IENTC,0.013%
2018,04,15APR2018,C611,ULTRAVISION,0.013%
2018,04,15APR2018,C350,MARCATEL,0.001%
2018,04,15APR2018,C599,TV REY,0.060%
2018,04,15APR2018,C010,AIRECABLE,0.015%
2018,04,15APR2018,C259,TRANSTELCO,0.006%
2018,05,15MAY2018,G006,AMÉRICA MÓVIL,53.115%
2018,05,15MAY2018,C584,TOTALPLAY,5.511%
2018,05,15MAY2018,G004,GRUPO TELEVISA,22.892%
2018,05,15MAY2018,G003,TELEFÓNICA,0.034%
2018,05,15MAY2018,C373,MAXCOM,0.304%
2018,05,15MAY2018,C054,AXESAT,0.003%
2018,05,15MAY2018,C725,STARGROUP,0.036%
2018,05,15MAY2018,C717,IENTC,0.014%
2018,05,15MAY2018,C611,ULTRAVISION,0.012%
2018,05,15MAY2018,C350,MARCATEL,0.001%
2018,05,15MAY2018,C599,TV REY,0.060%
2018,05,15MAY2018,G009,AXTEL,2.206%
2018,05,15MAY2018,C010,AIRECABLE,0.015%
2018,05,15MAY2018,C259,TRANSTELCO,0.006%
2018,05,15MAY2018,G008,MEGACABLE-MCM,15.790%
2018,06,15JUN2018,G006,AMÉRICA MÓVIL,52.839%
2018,06,15JUN2018,C584,TOTALPLAY,5.574%
2018,06,15JUN2018,G009,AXTEL,2.188%
2018,06,15JUN2018,G004,GRUPO TELEVISA,23.029%
2018,06,15JUN2018,G003,TELEFÓNICA,0.033%
2018,06,15JUN2018,C373,MAXCOM,0.293%
2018,06,15JUN2018,C054,AXESAT,0.003%
2018,06,15JUN2018,C725,STARGROUP,0.038%
2018,06,15JUN2018,C717,IENTC,0.014%
2018,06,15JUN2018,C611,ULTRAVISION,0.011%
2018,06,15JUN2018,C350,MARCATEL,0.000%
2018,06,15JUN2018,C599,TV REY,0.059%
2018,06,15JUN2018,C010,AIRECABLE,0.016%
2018,06,15JUN2018,C259,TRANSTELCO,0.006%
2018,06,15JUN2018,G008,MEGACABLE-MCM,15.894%
2018,07,15JUL2018,C584,TOTALPLAY,5.686%
2018,07,15JUL2018,G004,GRUPO TELEVISA,23.095%
2018,07,15JUL2018,G003,TELEFÓNICA,0.034%
2018,07,15JUL2018,C373,MAXCOM,0.220%
2018,07,15JUL2018,C054,AXESAT,0.003%
2018,07,15JUL2018,C725,STARGROUP,0.042%
2018,07,15JUL2018,C717,IENTC,0.015%
2018,07,15JUL2018,C611,ULTRAVISION,0.010%
2018,07,15JUL2018,C350,MARCATEL,0.001%
2018,07,15JUL2018,C010,AIRECABLE,0.023%
2018,07,15JUL2018,C599,TV REY,0.059%
2018,07,15JUL2018,G009,AXTEL,2.179%
2018,07,15JUL2018,C259,TRANSTELCO,0.007%
2018,07,15JUL2018,G006,AMÉRICA MÓVIL,52.661%
2018,07,15JUL2018,G008,MEGACABLE-MCM,15.967%
2018,08,15AUG2018,G006,AMÉRICA MÓVIL,52.459%
2018,08,15AUG2018,C584,TOTALPLAY,5.841%
2018,08,15AUG2018,G008,MEGACABLE-MCM,16.054%
2018,08,15AUG2018,G004,GRUPO TELEVISA,23.069%
2018,08,15AUG2018,G003,TELEFÓNICA,0.033%
2018,08,15AUG2018,C373,MAXCOM,0.219%
2018,08,15AUG2018,C054,AXESAT,0.003%
2018,08,15AUG2018,C729,NETWEY,0.004%
2018,08,15AUG2018,C725,STARGROUP,0.043%
2018,08,15AUG2018,C717,IENTC,0.016%
2018,08,15AUG2018,C611,ULTRAVISION,0.009%
2018,08,15AUG2018,C350,MARCATEL,0.001%
2018,08,15AUG2018,C010,AIRECABLE,0.023%
2018,08,15AUG2018,C599,TV REY,0.058%
2018,08,15AUG2018,G009,AXTEL,2.162%
2018,08,15AUG2018,C259,TRANSTELCO,0.007%
2018,09,15SEP2018,G006,AMÉRICA MÓVIL,52.232%
2018,09,15SEP2018,C584,TOTALPLAY,5.969%
2018,09,15SEP2018,G004,GRUPO TELEVISA,23.099%
2018,09,15SEP2018,G003,TELEFÓNICA,0.033%
2018,09,15SEP2018,C373,MAXCOM,0.215%
2018,09,15SEP2018,C054,AXESAT,0.003%
2018,09,15SEP2018,C729,NETWEY,0.007%
2018,09,15SEP2018,C725,STARGROUP,0.044%
2018,09,15SEP2018,C717,IENTC,0.016%
2018,09,15SEP2018,C611,ULTRAVISION,0.009%
2018,09,15SEP2018,C350,MARCATEL,0.000%
2018,09,15SEP2018,C010,AIRECABLE,0.024%
2018,09,15SEP2018,C599,TV REY,0.057%
2018,09,15SEP2018,G009,AXTEL,2.146%
2018,09,15SEP2018,C259,TRANSTELCO,0.007%
2018,09,15SEP2018,G008,MEGACABLE-MCM,16.139%
2018,10,15OCT2018,G007,AT&T,0.801%
2018,10,15OCT2018,G006,AMÉRICA MÓVIL,51.518%
2018,10,15OCT2018,C584,TOTALPLAY,6.194%
2018,10,15OCT2018,G004,GRUPO TELEVISA,22.962%
2018,10,15OCT2018,G003,TELEFÓNICA,0.034%
2018,10,15OCT2018,C373,MAXCOM,0.195%
2018,10,15OCT2018,G002,DISH-MVS,0.013%
2018,10,15OCT2018,C054,AXESAT,0.003%
2018,10,15OCT2018,G009,AXTEL,2.121%
2018,10,15OCT2018,C730,EDILAR,0.000%
2018,10,15OCT2018,C729,NETWEY,0.011%
2018,10,15OCT2018,C725,STARGROUP,0.046%
2018,10,15OCT2018,C717,IENTC,0.017%
2018,10,15OCT2018,C350,MARCATEL,0.000%
2018,10,15OCT2018,C611,ULTRAVISION,0.008%
2018,10,15OCT2018,C010,AIRECABLE,0.024%
2018,10,15OCT2018,C599,TV REY,0.057%
2018,10,15OCT2018,C259,TRANSTELCO,0.007%
2018,10,15OCT2018,G008,MEGACABLE-MCM,15.990%
2018,11,15NOV2018,G007,AT&T,0.787%
2018,11,15NOV2018,G006,AMÉRICA MÓVIL,51.338%
2018,11,15NOV2018,C584,TOTALPLAY,6.391%
2018,11,15NOV2018,G004,GRUPO TELEVISA,22.990%
2018,11,15NOV2018,G003,TELEFÓNICA,0.035%
2018,11,15NOV2018,C373,MAXCOM,0.193%
2018,11,15NOV2018,G002,DISH-MVS,0.030%
2018,11,15NOV2018,C054,AXESAT,0.003%
2018,11,15NOV2018,C730,EDILAR,0.000%
2018,11,15NOV2018,C729,NETWEY,0.019%
2018,11,15NOV2018,C725,STARGROUP,0.048%
2018,11,15NOV2018,C717,IENTC,0.017%
2018,11,15NOV2018,C350,MARCATEL,0.000%
2018,11,15NOV2018,C611,ULTRAVISION,0.010%
2018,11,15NOV2018,C010,AIRECABLE,0.024%
2018,11,15NOV2018,C599,TV REY,0.057%
2018,11,15NOV2018,G009,AXTEL,2.100%
2018,11,15NOV2018,C259,TRANSTELCO,0.007%
2018,11,15NOV2018,G008,MEGACABLE-MCM,15.951%
2018,12,15DEC2018,G007,AT&T,0.770%
2018,12,15DEC2018,G006,AMÉRICA MÓVIL,52.408%
2018,12,15DEC2018,C584,TOTALPLAY,6.519%
2018,12,15DEC2018,G004,GRUPO TELEVISA,23.012%
2018,12,15DEC2018,G003,TELEFÓNICA,0.035%
2018,12,15DEC2018,C373,MAXCOM,0.192%
2018,12,15DEC2018,C054,AXESAT,0.003%
2018,12,15DEC2018,G002,DISH-MVS,0.043%
2018,12,15DEC2018,C730,EDILAR,0.000%
2018,12,15DEC2018,C729,NETWEY,0.028%
2018,12,15DEC2018,C725,STARGROUP,0.048%
2018,12,15DEC2018,C717,IENTC,0.018%
2018,12,15DEC2018,C350,MARCATEL,0.000%
2018,12,15DEC2018,C611,ULTRAVISION,0.013%
2018,12,15DEC2018,C010,AIRECABLE,0.024%
2018,12,15DEC2018,C599,TV REY,0.056%
2018,12,15DEC2018,G009,AXTEL,0.782%
2018,12,15DEC2018,C259,TRANSTELCO,0.007%
2018,12,15DEC2018,G008,MEGACABLE-MCM,16.041%
2019,01,15JAN2019,G007,AT&T,0.760%
2019,01,15JAN2019,G006,AMÉRICA MÓVIL,52.511%
2019,01,15JAN2019,C584,TOTALPLAY,6.702%
2019,01,15JAN2019,G004,GRUPO TELEVISA,23.161%
2019,01,15JAN2019,C165,ELARA,0.015%
2019,01,15JAN2019,G003,TELEFÓNICA,0.034%
2019,01,15JAN2019,C373,MAXCOM,0.171%
2019,01,15JAN2019,C054,AXESAT,0.003%
2019,01,15JAN2019,G002,DISH-MVS,0.068%
2019,01,15JAN2019,C730,EDILAR,0.000%
2019,01,15JAN2019,C729,NETWEY,0.036%
2019,01,15JAN2019,C725,STARGROUP,0.050%
2019,01,15JAN2019,C717,IENTC,0.018%
2019,01,15JAN2019,C350,MARCATEL,0.000%
2019,01,15JAN2019,C611,ULTRAVISION,0.015%
2019,01,15JAN2019,C010,AIRECABLE,0.024%
2019,01,15JAN2019,C599,TV REY,0.057%
2019,01,15JAN2019,G009,AXTEL,0.246%
2019,01,15JAN2019,C259,TRANSTELCO,0.007%
2019,01,15JAN2019,G008,MEGACABLE-MCM,16.119%
2019,02,15FEB2019,G007,AT&T,0.730%
2019,02,15FEB2019,G006,AMÉRICA MÓVIL,52.464%
2019,02,15FEB2019,C584,TOTALPLAY,6.858%
2019,02,15FEB2019,G004,GRUPO TELEVISA,23.180%
2019,02,15FEB2019,C165,ELARA,0.015%
2019,02,15FEB2019,G003,TELEFÓNICA,0.034%
2019,02,15FEB2019,C373,MAXCOM,0.170%
2019,02,15FEB2019,C054,AXESAT,0.003%
2019,02,15FEB2019,G002,DISH-MVS,0.097%
2019,02,15FEB2019,C730,EDILAR,0.000%
2019,02,15FEB2019,C729,NETWEY,0.040%
2019,02,15FEB2019,C725,STARGROUP,0.053%
2019,02,15FEB2019,C717,IENTC,0.019%
2019,02,15FEB2019,C350,MARCATEL,0.000%
2019,02,15FEB2019,C611,ULTRAVISION,0.016%
2019,02,15FEB2019,C010,AIRECABLE,0.025%
2019,02,15FEB2019,C599,TV REY,0.057%
2019,02,15FEB2019,G009,AXTEL,0.246%
2019,02,15FEB2019,C259,TRANSTELCO,0.007%
2019,02,15FEB2019,G008,MEGACABLE-MCM,15.986%
2019,03,15MAR2019,G007,AT&T,0.696%
2019,03,15MAR2019,G006,AMÉRICA MÓVIL,52.284%
2019,03,15MAR2019,C584,TOTALPLAY,7.004%
2019,03,15MAR2019,G004,GRUPO TELEVISA,23.239%
2019,03,15MAR2019,C165,ELARA,0.015%
2019,03,15MAR2019,G003,TELEFÓNICA,0.035%
2019,03,15MAR2019,C373,MAXCOM,0.169%
2019,03,15MAR2019,C054,AXESAT,0.003%
2019,03,15MAR2019,G002,DISH-MVS,0.124%
2019,03,15MAR2019,C730,EDILAR,0.000%
2019,03,15MAR2019,C729,NETWEY,0.042%
2019,03,15MAR2019,C725,STARGROUP,0.054%
2019,03,15MAR2019,C717,IENTC,0.019%
2019,03,15MAR2019,C350,MARCATEL,0.000%
2019,03,15MAR2019,C611,ULTRAVISION,0.024%
2019,03,15MAR2019,C010,AIRECABLE,0.025%
2019,03,15MAR2019,C599,TV REY,0.056%
2019,03,15MAR2019,G009,AXTEL,0.245%
2019,03,15MAR2019,C259,TRANSTELCO,0.007%
2019,03,15MAR2019,G008,MEGACABLE-MCM,15.960%
2019,04,15APR2019,G007,AT&T,0.671%
2019,04,15APR2019,G006,AMÉRICA MÓVIL,51.959%
2019,04,15APR2019,C584,TOTALPLAY,7.097%
2019,04,15APR2019,G004,GRUPO TELEVISA,23.355%
2019,04,15APR2019,C165,ELARA,0.015%
2019,04,15APR2019,G003,TELEFÓNICA,0.034%
2019,04,15APR2019,C373,MAXCOM,0.182%
2019,04,15APR2019,C054,AXESAT,0.003%
2019,04,15APR2019,G002,DISH-MVS,0.141%
2019,04,15APR2019,C730,EDILAR,0.001%
2019,04,15APR2019,C729,NETWEY,0.044%
2019,04,15APR2019,C725,STARGROUP,0.092%
2019,04,15APR2019,C717,IENTC,0.019%
2019,04,15APR2019,C350,MARCATEL,0.000%
2019,04,15APR2019,C611,ULTRAVISION,0.018%
2019,04,15APR2019,C010,AIRECABLE,0.025%
2019,04,15APR2019,C599,TV REY,0.055%
2019,04,15APR2019,C259,TRANSTELCO,0.007%
2019,04,15APR2019,G009,AXTEL,0.283%
2019,04,15APR2019,G008,MEGACABLE-MCM,15.998%
2019,05,15MAY2019,G007,AT&T,0.650%
2019,05,15MAY2019,G006,AMÉRICA MÓVIL,51.747%
2019,05,15MAY2019,C584,TOTALPLAY,7.249%
2019,05,15MAY2019,G004,GRUPO TELEVISA,23.410%
2019,05,15MAY2019,C165,ELARA,0.015%
2019,05,15MAY2019,G003,TELEFÓNICA,0.034%
2019,05,15MAY2019,C373,MAXCOM,0.182%
2019,05,15MAY2019,C054,AXESAT,0.003%
2019,05,15MAY2019,G002,DISH-MVS,0.158%
2019,05,15MAY2019,C730,EDILAR,0.001%
2019,05,15MAY2019,C729,NETWEY,0.047%
2019,05,15MAY2019,C725,STARGROUP,0.092%
2019,05,15MAY2019,C717,IENTC,0.020%
2019,05,15MAY2019,C350,MARCATEL,0.000%
2019,05,15MAY2019,C611,ULTRAVISION,0.019%
2019,05,15MAY2019,C010,AIRECABLE,0.025%
2019,05,15MAY2019,C599,TV REY,0.055%
2019,05,15MAY2019,C259,TRANSTELCO,0.007%
2019,05,15MAY2019,G009,AXTEL,0.321%
2019,05,15MAY2019,G008,MEGACABLE-MCM,15.965%
2019,06,15JUN2019,G007,AT&T,0.632%
2019,06,15JUN2019,C584,TOTALPLAY,7.352%
2019,06,15JUN2019,G006,AMÉRICA MÓVIL,51.565%
2019,06,15JUN2019,G004,GRUPO TELEVISA,23.341%
2019,06,15JUN2019,C165,ELARA,0.015%
2019,06,15JUN2019,C373,MAXCOM,0.180%
2019,06,15JUN2019,G003,TELEFÓNICA,0.034%
2019,06,15JUN2019,C054,AXESAT,0.003%
2019,06,15JUN2019,G002,DISH-MVS,0.179%
2019,06,15JUN2019,C730,EDILAR,0.001%
2019,06,15JUN2019,C729,NETWEY,0.052%
2019,06,15JUN2019,C725,STARGROUP,0.097%
2019,06,15JUN2019,C717,IENTC,0.020%
2019,06,15JUN2019,C350,MARCATEL,0.000%
2019,06,15JUN2019,C010,AIRECABLE,0.025%
2019,06,15JUN2019,C611,ULTRAVISION,0.019%
2019,06,15JUN2019,C599,TV REY,0.054%
2019,06,15JUN2019,C259,TRANSTELCO,0.007%
2019,06,15JUN2019,G009,AXTEL,0.358%
2019,06,15JUN2019,G008,MEGACABLE-MCM,16.065%
